Setup title,N-18-Id-Vg
Application test name,Id-Vg
Test date,3/9/2017
Test time,11:45:24
Device ID,
Vgate,Idrain,Isubs,Vsource,Vdrain,Vsubs,IdrainPerWg,IsubsPerWg,gm,gmPerWg
0,4.985E-11,8.71E-10,0,0.01,0,4.985E-12,8.71E-11,5.0102E-08,5.0102E-09
0.01,5.5087E-10,-1.54E-10,0,0.01,0,5.5087E-11,-1.54E-11,1.2135E-09,1.2135E-10
0.02,7.412E-11,9.6E-11,0,0.01,0,7.412E-12,9.6E-12,-2.28735E-08,-2.28735E-09
0.03,9.34E-11,-6.8E-11,0,0.01,0,9.34E-12,-6.8E-12,2.347E-09,2.347E-10
0.04,1.2106E-10,5.2E-11,0,0.01,0,1.2106E-11,5.2E-12,3.0755E-09,3.0755E-10
0.05,1.5491E-10,-1E-10,0,0.01,0,1.5491E-11,-1E-11,4.363E-09,4.363E-10
0.06,2.0832E-10,1.97E-10,0,0.01,0,2.0832E-11,1.97E-11,6.1395E-09,6.1395E-10
0.07,2.777E-10,1.34E-10,0,0.01,0,2.777E-11,1.34E-11,8.279E-09,8.279E-10
0.08,3.739E-10,1.18E-10,0,0.01,0,3.739E-11,1.18E-11,1.0959E-08,1.0959E-09
0.09,4.9688E-10,1.06E-10,0,0.01,0,4.9688E-11,1.06E-11,1.4449E-08,1.4449E-09
0.1,6.6288E-10,1.114E-09,0,0.01,0,6.6288E-11,1.114E-10,2.05865E-08,2.05865E-09
0.11,9.0861E-10,8.8E-11,0,0.01,0,9.0861E-11,8.8E-12,2.8277E-08,2.8277E-09
0.12,1.22842E-09,7.41E-10,0,0.01,0,1.22842E-10,7.41E-11,3.77955E-08,3.77955E-09
0.13,1.66452E-09,1.77E-10,0,0.01,0,1.66452E-10,1.77E-11,5.2004E-08,5.2004E-09
0.14,2.2685E-09,1.677E-09,0,0.01,0,2.2685E-10,1.677E-10,7.3157E-08,7.3157E-09
0.15,3.12766E-09,8.56E-10,0,0.01,0,3.12766E-10,8.56E-11,9.45605E-08,9.45605E-09
0.16,4.15971E-09,-3.47E-10,0,0.01,0,4.15971E-10,-3.47E-11,1.242105E-07,1.242105E-08
0.17,5.61187E-09,6.74E-10,0,0.01,0,5.61187E-10,6.74E-11,1.823145E-07,1.823145E-08
0.18,7.806E-09,-1.89E-10,0,0.01,0,7.806E-10,-1.89E-11,2.589565E-07,2.589565E-08
0.19,1.0791E-08,1.87E-09,0,0.01,0,1.0791E-09,1.87E-10,3.377E-07,3.377E-08
0.2,1.456E-08,3.8E-11,0,0.01,0,1.456E-09,3.8E-12,4.5725E-07,4.57249999999999E-08
0.21,1.9936E-08,-2.9E-11,0,0.01,0,1.9936E-09,-2.9E-12,6.026E-07,6.026E-08
0.22,2.6612E-08,6.6E-11,0,0.01,0,2.6612E-09,6.6E-12,8.52105E-07,8.52105E-08
0.23,3.69781E-08,4E-11,0,0.01,0,3.69781E-09,4E-12,1.17603E-06,1.17603E-07
0.24,5.01326E-08,-1.54E-10,0,0.01,0,5.01326E-09,-1.54E-11,1.52449E-06,1.52449E-07
0.25,6.74679E-08,-1.63E-10,0,0.01,0,6.74679E-09,-1.63E-11,2.051265E-06,2.051265E-07
0.26,9.11579E-08,-5E-12,0,0.01,0,9.11579E-09,-5E-13,2.768405E-06,2.768405E-07
0.27,1.22836E-07,1.891E-09,0,0.01,0,1.22836E-08,1.891E-10,3.752155E-06,3.752155E-07
0.28,1.66201E-07,5.12E-10,0,0.01,0,1.66201E-08,5.12E-11,4.90375E-06,4.90374999999999E-07
0.29,2.20911E-07,-1.96E-10,0,0.01,0,2.20911E-08,-1.96E-11,6.41345000000001E-06,6.41345000000001E-07
0.3,2.9447E-07,-1.075E-09,0,0.01,0,2.9447E-08,-1.075E-10,8.37600000000001E-06,8.37600000000001E-07
0.31,3.88431E-07,3.7E-11,0,0.01,0,3.88431E-08,3.7E-12,1.07099E-05,1.07099E-06
0.32,5.08668E-07,1.47E-10,0,0.01,0,5.08668E-08,1.47E-11,1.381565E-05,1.381565E-06
0.33,6.64744E-07,-9.42E-10,0,0.01,0,6.64744E-08,-9.42E-11,1.734975E-05,1.734975E-06
0.34,8.55663E-07,1.36E-10,0,0.01,0,8.55663E-08,1.36E-11,2.183775E-05,2.183775E-06
0.35,1.101499E-06,7.06E-10,0,0.01,0,1.101499E-07,7.06E-11,2.698935E-05,2.698935E-06
0.36,1.39545E-06,-2.04E-10,0,0.01,0,1.39545E-07,-2.04E-11,3.27755500000001E-05,3.27755500000001E-06
0.37,1.75701E-06,-1.065E-09,0,0.01,0,1.75701E-07,-1.065E-10,3.88110000000001E-05,3.88110000000001E-06
0.38,2.17167E-06,-3.9E-11,0,0.01,0,2.17167E-07,-3.9E-12,4.55715E-05,4.55715E-06
0.39,2.66844E-06,5.23E-10,0,0.01,0,2.66844E-07,5.23E-11,5.34039999999999E-05,5.34039999999999E-06
0.4,3.23975E-06,1.12E-10,0,0.01,0,3.23975E-07,1.12E-11,6.02094999999999E-05,6.02094999999999E-06
0.41,3.87263E-06,1.659E-09,0,0.01,0,3.87263E-07,1.659E-10,6.89525E-05,6.89524999999999E-06
0.42,4.6188E-06,-1.13E-10,0,0.01,0,4.6188E-07,-1.13E-11,7.67610000000001E-05,7.67610000000001E-06
0.43,5.40785E-06,1.767E-09,0,0.01,0,5.40785E-07,1.767E-10,8.64630000000002E-05,8.64630000000002E-06
0.44,6.34806E-06,1.834E-09,0,0.01,0,6.34806E-07,1.834E-10,9.5682E-05,9.56819999999999E-06
0.45,7.32149E-06,1.09E-10,0,0.01,0,7.32149E-07,1.09E-11,0.000102796,1.02796E-05
0.46,8.40398E-06,1.779E-09,0,0.01,0,8.40398E-07,1.779E-10,0.0001113,1.113E-05
0.47,9.54749E-06,1.2E-11,0,0.01,0,9.54749E-07,1.2E-12,0.0001174695,1.174695E-05
0.48,1.075337E-05,1.804E-09,0,0.01,0,1.075337E-06,1.804E-10,0.0001240955,1.240955E-05
0.49,1.20294E-05,-7.94E-10,0,0.01,0,1.20294E-06,-7.94E-11,0.0001322815,1.322815E-05
0.5,1.3399E-05,1.96E-10,0,0.01,0,1.3399E-06,1.96E-11,0.00014015,1.4015E-05
0.51,1.48324E-05,7.67E-10,0,0.01,0,1.48324E-06,7.67E-11,0.00014597,1.4597E-05
0.52,1.63184E-05,1.166E-09,0,0.01,0,1.63184E-06,1.166E-10,0.00015109,1.5109E-05
0.53,1.78542E-05,-1.31E-10,0,0.01,0,1.78542E-06,-1.31E-11,0.000156155,1.56155E-05
0.54,1.94415E-05,1.3E-11,0,0.01,0,1.94415E-06,1.3E-12,0.00016066,1.6066E-05
0.55,2.10674E-05,-9.33E-10,0,0.01,0,2.10674E-06,-9.33E-11,0.000166325,1.66325E-05
0.56,2.2768E-05,8.8E-11,0,0.01,0,2.2768E-06,8.8E-12,0.000172455,1.72455E-05
0.57,2.45165E-05,7.7E-10,0,0.01,0,2.45165E-06,7.7E-11,0.000174065,1.74065E-05
0.58,2.62493E-05,1.64E-09,0,0.01,0,2.62493E-06,1.64E-10,0.00017753,1.7753E-05
0.59,2.80671E-05,-9.4E-11,0,0.01,0,2.80671E-06,-9.4E-12,0.000179720000000001,1.79720000000001E-05
0.6,2.98437E-05,2E-11,0,0.01,0,2.98437E-06,2E-12,0.000183145000000001,1.83145000000001E-05
0.61,3.173E-05,-1.059E-09,0,0.01,0,3.173E-06,-1.059E-10,0.00018766,1.8766E-05
0.62,3.35969E-05,4.3E-11,0,0.01,0,3.35969E-06,4.3E-12,0.000189095,1.89095E-05
0.63,3.55119E-05,8.2E-11,0,0.01,0,3.55119E-06,8.2E-12,0.00019093,1.9093E-05
0.64,3.74155E-05,6.5E-11,0,0.01,0,3.74155E-06,6.5E-12,0.00019246,1.9246E-05
0.65,3.93611E-05,9.6E-11,0,0.01,0,3.93611E-06,9.6E-12,0.000194375,1.94375E-05
0.66,4.1303E-05,2.69E-10,0,0.01,0,4.1303E-06,2.69E-11,0.000195,1.95E-05
0.67,4.32611E-05,1.98E-10,0,0.01,0,4.32611E-06,1.98E-11,0.000196745,1.96745E-05
0.68,4.52379E-05,1.733E-09,0,0.01,0,4.52379E-06,1.733E-10,0.000196955,1.96955E-05
0.69,4.72002E-05,-1.62E-10,0,0.01,0,4.72002E-06,-1.62E-11,0.00019749,1.9749E-05
0.7,4.91877E-05,3.9E-11,0,0.01,0,4.91877E-06,3.9E-12,0.00019841,1.9841E-05
0.71,5.11684E-05,-2.1E-11,0,0.01,0,5.11684E-06,-2.1E-12,0.000198375,1.98374999999999E-05
0.72,5.31552E-05,-1.01E-09,0,0.01,0,5.31552E-06,-1.01E-10,0.000199400000000001,1.99400000000001E-05
0.73,5.51564E-05,1.9E-11,0,0.01,0,5.51564E-06,1.9E-12,0.000199590000000001,1.99590000000001E-05
0.74,5.7147E-05,2.35E-10,0,0.01,0,5.7147E-06,2.35E-11,0.00019955,1.9955E-05
0.75,5.91474E-05,1.01E-10,0,0.01,0,5.91474E-06,1.01E-11,0.000199355,1.99355E-05
0.76,6.11341E-05,1.75E-09,0,0.01,0,6.11341E-06,1.75E-10,0.00019974,1.9974E-05
0.77,6.31422E-05,-2.6E-11,0,0.01,0,6.31422E-06,-2.6E-12,0.000199675,1.99675E-05
0.78,6.51276E-05,2E-10,0,0.01,0,6.51276E-06,2E-11,0.000198755,1.98755E-05
0.79,6.71173E-05,-6.8E-11,0,0.01,0,6.71173E-06,-6.8E-12,0.000200285,2.00285E-05
0.8,6.91333E-05,-1.6E-11,0,0.01,0,6.91333E-06,-1.6E-12,0.000200055,2.00055E-05
0.81,7.11184E-05,-1.004E-09,0,0.01,0,7.11184E-06,-1.004E-10,0.000197995,1.97995E-05
0.82,7.30932E-05,-3.7E-11,0,0.01,0,7.30932E-06,-3.7E-12,0.00019684,1.9684E-05
0.83,7.50552E-05,1.75E-10,0,0.01,0,7.50552E-06,1.75E-11,0.000198045,1.98045E-05
0.84,7.70541E-05,2.17E-10,0,0.01,0,7.70541E-06,2.17E-11,0.00019896,1.9896E-05
0.85,7.90344E-05,1.842E-09,0,0.01,0,7.90344E-06,1.842E-10,0.000196090000000001,1.9609E-05
0.86,8.09759E-05,-1.16E-10,0,0.01,0,8.09759E-06,-1.16E-11,0.000195345000000001,1.95345000000001E-05
0.87,8.29413E-05,6E-12,0,0.01,0,8.29413E-06,6E-13,0.00019441,1.94410000000001E-05
0.88,8.48641E-05,-5.9E-11,0,0.01,0,8.48641E-06,-5.9E-12,0.0001945,1.945E-05
0.89,8.68313E-05,-8.16E-10,0,0.01,0,8.68313E-06,-8.16E-11,0.000195515,1.95515E-05
0.9,8.87744E-05,1.59E-10,0,0.01,0,8.87744E-06,1.59E-11,0.00019357,1.9357E-05
0.91,9.07027E-05,-2.42E-10,0,0.01,0,9.07027E-06,-2.42E-11,0.000190365,1.90365E-05
0.92,9.25817E-05,-4.74E-10,0,0.01,0,9.25817E-06,-4.74E-11,0.000190294999999999,1.90294999999999E-05
0.93,9.45086E-05,-5.03E-10,0,0.01,0,9.45086E-06,-5.03E-11,0.00019186,1.91859999999999E-05
0.94,9.64189E-05,-2.62E-10,0,0.01,0,9.64189E-06,-2.62E-11,0.000190595,1.90595E-05
0.95,9.83205E-05,-1.35E-10,0,0.01,0,9.83205E-06,-1.35E-11,0.000195505,1.95504999999999E-05
0.96,0.000100329,1.699E-09,0,0.01,0,1.00329E-05,1.699E-10,0.000192925,1.92925E-05
0.97,0.000102179,-6.5E-11,0,0.01,0,1.02179E-05,-6.5E-12,0.000186,1.86E-05
0.98,0.000104049,3.56E-10,0,0.01,0,1.04049E-05,3.56E-11,0.000185249999999999,1.8525E-05
0.99,0.000105884,1.355E-09,0,0.01,0,1.05884E-05,1.355E-10,0.000184800000000001,1.84800000000001E-05
1,0.000107745,-2.18E-10,0,0.01,0,1.07745E-05,-2.18E-11,0.000183450000000001,1.83450000000001E-05
1.01,0.000109553,-3.5E-11,0,0.01,0,1.09553E-05,-3.5E-12,0.0001813,1.81299999999998E-05
1.02,0.000111371,-1.053E-09,0,0.01,0,1.11371E-05,-1.053E-10,0.00018095,1.80949999999999E-05
1.03,0.000113172,5.8E-11,0,0.01,0,1.13172E-05,5.8E-12,0.0001802,1.802E-05
1.04,0.000114975,1.67E-10,0,0.01,0,1.14975E-05,1.67E-11,0.0001787,1.787E-05
1.05,0.000116746,1.97E-10,0,0.01,0,1.16746E-05,1.97E-11,0.0001776,1.776E-05
1.06,0.000118527,8.71E-10,0,0.01,0,1.18527E-05,8.71E-11,0.0001786,1.786E-05
1.07,0.000120318,1.522E-09,0,0.01,0,1.20318E-05,1.522E-10,0.0001777,1.777E-05
1.08,0.000122081,-8.9E-11,0,0.01,0,1.22081E-05,-8.9E-12,0.000174599999999999,1.74599999999998E-05
1.09,0.00012381,-2.6E-11,0,0.01,0,1.2381E-05,-2.6E-12,0.00017275,1.7275E-05
1.1,0.000125536,-1.006E-09,0,0.01,0,1.25536E-05,-1.006E-10,0.000172050000000001,1.72050000000002E-05
1.11,0.000127251,1.4E-11,0,0.01,0,1.27251E-05,1.4E-12,0.0001712,1.712E-05
1.12,0.00012896,1.63E-10,0,0.01,0,1.2896E-05,1.63E-11,0.0001705,1.70499999999999E-05
1.13,0.000130661,2.2E-11,0,0.01,0,1.30661E-05,2.2E-12,0.0001686,1.68599999999999E-05
1.14,0.000132332,7.77E-10,0,0.01,0,1.32332E-05,7.77E-11,0.000167799999999999,1.67799999999999E-05
1.15,0.000134017,1.582E-09,0,0.01,0,1.34017E-05,1.582E-10,0.00016645,1.6645E-05
1.16,0.000135661,-6.8E-11,0,0.01,0,1.35661E-05,-6.8E-12,0.0001632,1.632E-05
1.17,0.000137281,-3E-12,0,0.01,0,1.37281E-05,-3E-13,0.000163250000000001,1.6325E-05
1.18,0.000138926,-1.026E-09,0,0.01,0,1.38926E-05,-1.026E-10,0.000161900000000002,1.61900000000001E-05
1.19,0.000140519,2.9E-11,0,0.01,0,1.40519E-05,2.9E-12,0.000161250000000001,1.61250000000001E-05
1.2,0.000142151,5.78E-10,0,0.01,0,1.42151E-05,5.78E-11,0.00015795,1.57950000000001E-05
1.21,0.000143678,2.19E-10,0,0.01,0,1.43678E-05,2.19E-11,0.000156700000000001,1.567E-05
1.22,0.000145285,1.585E-09,0,0.01,0,1.45285E-05,1.585E-10,0.000158950000000001,1.58950000000001E-05
1.23,0.000146857,-8.8E-11,0,0.01,0,1.46857E-05,-8.8E-12,0.000157899999999999,1.57899999999999E-05
1.24,0.000148443,-2E-12,0,0.01,0,1.48443E-05,-2E-13,0.000154549999999999,1.54549999999999E-05
1.25,0.000149948,-4.9E-11,0,0.01,0,1.49948E-05,-4.9E-12,0.0001535,1.535E-05
1.26,0.000151513,-8.75E-10,0,0.01,0,1.51513E-05,-8.75E-11,0.00015295,1.52949999999999E-05
1.27,0.000153007,1.82E-10,0,0.01,0,1.53007E-05,1.82E-11,0.000150599999999999,1.506E-05
1.28,0.000154525,8.2E-10,0,0.01,0,1.54525E-05,8.2E-11,0.00015005,1.5005E-05
1.29,0.000156008,1.66E-09,0,0.01,0,1.56008E-05,1.66E-10,0.000146300000000001,1.463E-05
1.3,0.000157451,5E-12,0,0.01,0,1.57451E-05,5E-13,0.00014425,1.44250000000001E-05
1.31,0.000158893,-2.7E-11,0,0.01,0,1.58893E-05,-2.7E-12,0.00014675,1.4675E-05
1.32,0.000160386,-1.7E-11,0,0.01,0,1.60386E-05,-1.7E-12,0.000147399999999999,1.47399999999998E-05
1.33,0.000161841,-1.023E-09,0,0.01,0,1.61841E-05,-1.023E-10,0.000144649999999999,1.4465E-05
1.34,0.000163279,-1.2E-11,0,0.01,0,1.63279E-05,-1.2E-12,0.00014275,1.42750000000001E-05
1.35,0.000164696,2.34E-10,0,0.01,0,1.64696E-05,2.34E-11,0.00014025,1.40249999999999E-05
1.36,0.000166084,8.8E-11,0,0.01,0,1.66084E-05,8.8E-12,0.0001392,1.392E-05
1.37,0.00016748,7.7E-10,0,0.01,0,1.6748E-05,7.7E-11,0.00013755,1.37550000000002E-05
1.38,0.000168835,1.433E-09,0,0.01,0,1.68835E-05,1.433E-10,0.000136199999999999,1.36199999999999E-05
1.39,0.000170204,7E-12,0,0.01,0,1.70204E-05,7E-13,0.000135449999999999,1.35449999999999E-05
1.4,0.000171544,1.9E-11,0,0.01,0,1.71544E-05,1.9E-12,0.0001318,1.31800000000001E-05
1.41,0.00017284,-1.02E-09,0,0.01,0,1.7284E-05,-1.02E-10,0.000132349999999999,1.3235E-05
1.42,0.000174191,7E-12,0,0.01,0,1.74191E-05,7E-13,0.000133,1.33E-05
1.43,0.0001755,2.52E-10,0,0.01,0,1.755E-05,2.52E-11,0.00013035,1.30349999999999E-05
1.44,0.000176798,4.2E-11,0,0.01,0,1.76798E-05,4.2E-12,0.000128649999999999,1.28649999999999E-05
1.45,0.000178073,7.82E-10,0,0.01,0,1.78073E-05,7.82E-11,0.000126450000000001,1.26450000000001E-05
1.46,0.000179327,1.453E-09,0,0.01,0,1.79327E-05,1.453E-10,0.000125450000000002,1.25450000000002E-05
1.47,0.000180582,-1.38E-10,0,0.01,0,1.80582E-05,-1.38E-11,0.0001251,1.251E-05
1.48,0.000181829,-1.7E-11,0,0.01,0,1.81829E-05,-1.7E-12,0.000123299999999999,1.23299999999999E-05
1.49,0.000183048,-1.007E-09,0,0.01,0,1.83048E-05,-1.007E-10,0.000123699999999999,1.237E-05
1.5,0.000184303,-2.3E-11,0,0.01,0,1.84303E-05,-2.3E-12,0.000121950000000001,1.21950000000001E-05
1.51,0.000185487,1.58E-10,0,0.01,0,1.85487E-05,1.58E-11,0.00011965,1.1965E-05
1.52,0.000186696,-1.3E-11,0,0.01,0,1.86696E-05,-1.3E-12,0.000120549999999999,1.20549999999998E-05
1.53,0.000187898,8.19E-10,0,0.01,0,1.87898E-05,8.19E-11,0.000118850000000001,1.1885E-05
1.54,0.000189073,1.433E-09,0,0.01,0,1.89073E-05,1.433E-10,0.0001139,1.13900000000002E-05
1.55,0.000190176,-4.3E-11,0,0.01,0,1.90176E-05,-4.3E-12,0.000113149999999999,1.13150000000001E-05
1.56,0.000191336,-9E-11,0,0.01,0,1.91336E-05,-9E-12,0.0001148,1.14799999999998E-05
1.57,0.000192472,-1.066E-09,0,0.01,0,1.92472E-05,-1.066E-10,0.00011355,1.1355E-05
1.58,0.000193607,1.4E-11,0,0.01,0,1.93607E-05,1.4E-12,0.0001107,1.107E-05
1.59,0.000194686,5.94E-10,0,0.01,0,1.94686E-05,5.94E-11,0.0001112,1.11200000000001E-05
1.6,0.000195831,2.07E-10,0,0.01,0,1.95831E-05,2.07E-11,0.000109699999999999,1.097E-05
1.61,0.00019688,1.6E-09,0,0.01,0,1.9688E-05,1.6E-10,0.00010615,1.06149999999999E-05
1.62,0.000197954,-1.7E-10,0,0.01,0,1.97954E-05,-1.7E-11,0.0001089,1.089E-05
1.63,0.000199058,-1E-11,0,0.01,0,1.99058E-05,-1E-12,0.00010645,1.06449999999998E-05
1.64,0.000200083,-1.32E-10,0,0.01,0,2.00083E-05,-1.32E-11,0.000102900000000001,1.029E-05
1.65,0.000201116,-1.016E-09,0,0.01,0,2.01116E-05,-1.016E-10,0.000101949999999999,1.01950000000002E-05
1.66,0.000202122,3.3E-11,0,0.01,0,2.02122E-05,3.3E-12,0.000102199999999999,1.02199999999999E-05
1.67,0.00020316,2.08E-10,0,0.01,0,2.0316E-05,2.08E-11,0.00010245,1.02449999999999E-05
1.68,0.000204171,2.02E-10,0,0.01,0,2.04171E-05,2.02E-11,9.86500000000001E-05,9.86499999999994E-06
1.69,0.000205133,6.84E-10,0,0.01,0,2.05133E-05,6.84E-11,9.82500000000005E-05,9.82500000000019E-06
1.7,0.000206136,1.376E-09,0,0.01,0,2.06136E-05,1.376E-10,9.89500000000007E-05,9.89500000000017E-06
1.71,0.000207112,-1.46E-10,0,0.01,0,2.07112E-05,-1.46E-11,9.64500000000004E-05,9.6449999999999E-06
1.72,0.000208065,-3.3E-11,0,0.01,0,2.08065E-05,-3.3E-12,9.64000000000009E-05,9.64000000000006E-06
1.73,0.00020904,-1.036E-09,0,0.01,0,2.0904E-05,-1.036E-10,9.53499999999996E-05,9.53500000000006E-06
1.74,0.000209972,4.3E-11,0,0.01,0,2.09972E-05,4.3E-12,9.22499999999996E-05,9.22500000000006E-06
1.75,0.000210885,1.71E-10,0,0.01,0,2.10885E-05,1.71E-11,8.8550000000001E-05,8.85499999999993E-06
1.76,0.000211743,1.06E-10,0,0.01,0,2.11743E-05,1.06E-11,9.00500000000002E-05,9.00499999999992E-06
1.77,0.000212686,7.92E-10,0,0.01,0,2.12686E-05,7.92E-11,9.20499999999991E-05,9.20500000000002E-06
1.78,0.000213584,1.454E-09,0,0.01,0,2.13584E-05,1.454E-10,8.75500000000001E-05,8.75500000000005E-06
1.79,0.000214437,-9.6E-11,0,0.01,0,2.14437E-05,-9.6E-12,8.68000000000005E-05,8.68000000000005E-06
1.8,0.00021532,-4.6E-11,0,0.01,0,2.1532E-05,-4.6E-12,8.82999999999997E-05,8.83000000000004E-06
0,3.138E-11,-2.3E-11,0,0.01,-0.1,3.138E-12,-2.3E-12,4.82E-10,4.82E-11
0.01,3.62E-11,-7.9E-11,0,0.01,-0.1,3.62E-12,-7.9E-12,6.33E-10,6.33E-11
0.02,4.404E-11,-1.7E-11,0,0.01,-0.1,4.404E-12,-1.7E-12,8.26E-10,8.26E-11
0.03,5.272E-11,-3.3E-11,0,0.01,-0.1,5.272E-12,-3.3E-12,1.1255E-09,1.1255E-10
0.04,6.655E-11,-5.4E-11,0,0.01,-0.1,6.655E-12,-5.4E-12,1.5385E-09,1.5385E-10
0.05,8.349E-11,-1.29E-10,0,0.01,-0.1,8.349E-12,-1.29E-11,2.101E-09,2.101E-10
0.06,1.0857E-10,2.4E-11,0,0.01,-0.1,1.0857E-11,2.4E-12,2.872E-09,2.872E-10
0.07,1.4093E-10,-2.6E-11,0,0.01,-0.1,1.4093E-11,-2.6E-12,3.9165E-09,3.9165E-10
0.08,1.869E-10,-2.4E-11,0,0.01,-0.1,1.869E-11,-2.4E-12,5.3665E-09,5.3665E-10
0.09,2.4826E-10,-1.87E-10,0,0.01,-0.1,2.4826E-11,-1.87E-11,7.612E-09,7.612E-10
0.1,3.3914E-10,1.27E-10,0,0.01,-0.1,3.3914E-11,1.27E-11,1.031E-08,1.031E-09
0.11,4.5446E-10,7.2E-11,0,0.01,-0.1,4.5446E-11,7.2E-12,1.3623E-08,1.3623E-09
0.12,6.116E-10,1.022E-09,0,0.01,-0.1,6.116E-11,1.022E-10,1.86165E-08,1.86165E-09
0.13,8.2679E-10,-2.4E-11,0,0.01,-0.1,8.2679E-11,-2.4E-12,2.61795E-08,2.61795E-09
0.14,1.13519E-09,6.62E-10,0,0.01,-0.1,1.13519E-10,6.62E-11,3.60395E-08,3.60395E-09
0.15,1.54758E-09,9.9E-11,0,0.01,-0.1,1.54758E-10,9.9E-12,4.67795E-08,4.67795E-09
0.16,2.07078E-09,1.684E-09,0,0.01,-0.1,2.07078E-10,1.684E-10,6.96919999999999E-08,6.96919999999999E-09
0.17,2.94142E-09,9.82E-10,0,0.01,-0.1,2.94142E-10,9.82E-11,8.95074999999999E-08,8.95074999999999E-09
0.18,3.86093E-09,-1.46E-10,0,0.01,-0.1,3.86093E-10,-1.46E-11,1.19377E-07,1.19377E-08
0.19,5.32896E-09,5.12E-10,0,0.01,-0.1,5.32896E-10,5.12E-11,1.751715E-07,1.751715E-08
0.2,7.36436E-09,-2.35E-10,0,0.01,-0.1,7.36436E-10,-2.35E-11,2.354555E-07,2.354555E-08
0.21,1.003807E-08,-1.5E-11,0,0.01,-0.1,1.003807E-09,-1.5E-12,3.36557E-07,3.36557E-08
0.22,1.40955E-08,1.47E-10,0,0.01,-0.1,1.40955E-09,1.47E-11,4.553565E-07,4.553565E-08
0.23,1.91452E-08,-7.15E-10,0,0.01,-0.1,1.91452E-09,-7.15E-11,6.01649999999999E-07,6.01649999999999E-08
0.24,2.61285E-08,-1.58E-10,0,0.01,-0.1,2.61285E-09,-1.58E-11,8.14585E-07,8.14585E-08
0.25,3.54369E-08,-7.4E-11,0,0.01,-0.1,3.54369E-09,-7.4E-12,1.115915E-06,1.115915E-07
0.26,4.84468E-08,1.07E-09,0,0.01,-0.1,4.84468E-09,1.07E-10,1.54861E-06,1.54861E-07
0.27,6.64091E-08,-2.53E-10,0,0.01,-0.1,6.64091E-09,-2.53E-11,2.021235E-06,2.021235E-07
0.28,8.88715E-08,-2.18E-10,0,0.01,-0.1,8.88715E-09,-2.18E-11,2.681395E-06,2.681395E-07
0.29,1.20037E-07,1.635E-09,0,0.01,-0.1,1.20037E-08,1.635E-10,3.73777500000001E-06,3.73777500000001E-07
0.3,1.63627E-07,-6E-12,0,0.01,-0.1,1.63627E-08,-6E-13,4.99520000000001E-06,4.99520000000001E-07
0.31,2.19941E-07,6.19E-10,0,0.01,-0.1,2.19941E-08,6.19E-11,6.4096E-06,6.40959999999999E-07
0.32,2.91819E-07,1.36E-10,0,0.01,-0.1,2.91819E-08,1.36E-11,8.27094999999999E-06,8.27094999999999E-07
0.33,3.8536E-07,1.601E-09,0,0.01,-0.1,3.8536E-08,1.601E-10,1.08466E-05,1.08466E-06
0.34,5.08751E-07,2E-12,0,0.01,-0.1,5.08751E-08,2E-13,1.43353E-05,1.43353E-06
0.35,6.72066E-07,1.799E-09,0,0.01,-0.1,6.72066E-08,1.799E-10,1.804845E-05,1.804845E-06
0.36,8.6972E-07,8.71E-10,0,0.01,-0.1,8.6972E-08,8.71E-11,2.1973E-05,2.1973E-06
0.37,1.111526E-06,-1.68E-10,0,0.01,-0.1,1.111526E-07,-1.68E-11,2.66815000000001E-05,2.66815000000001E-06
0.38,1.40335E-06,-1.48E-10,0,0.01,-0.1,1.40335E-07,-1.48E-11,3.31007E-05,3.31007E-06
0.39,1.77354E-06,-1.188E-09,0,0.01,-0.1,1.77354E-07,-1.188E-10,3.9526E-05,3.9526E-06
0.4,2.19387E-06,9E-12,0,0.01,-0.1,2.19387E-07,9E-13,4.5945E-05,4.59449999999999E-06
0.41,2.69244E-06,-6.85E-10,0,0.01,-0.1,2.69244E-07,-6.85E-11,5.45639999999999E-05,5.45639999999999E-06
0.42,3.28515E-06,5.47E-10,0,0.01,-0.1,3.28515E-07,5.47E-11,6.32740000000001E-05,6.32740000000002E-06
0.43,3.95792E-06,2.22E-10,0,0.01,-0.1,3.95792E-07,2.22E-11,7.06435000000001E-05,7.06435000000001E-06
0.44,4.69802E-06,1.619E-09,0,0.01,-0.1,4.69802E-07,1.619E-10,7.84335E-05,7.84334999999999E-06
0.45,5.52659E-06,1E-11,0,0.01,-0.1,5.52659E-07,1E-12,8.7651E-05,8.76509999999999E-06
0.46,6.45104E-06,1.632E-09,0,0.01,-0.1,6.45104E-07,1.632E-10,9.49444999999999E-05,9.49444999999999E-06
0.47,7.42548E-06,-3.4E-11,0,0.01,-0.1,7.42548E-07,-3.4E-12,0.0001054035,1.054035E-05
0.48,8.55911E-06,-1.84E-10,0,0.01,-0.1,8.55911E-07,-1.84E-11,0.0001140995,1.140995E-05
0.49,9.70747E-06,-2.11E-10,0,0.01,-0.1,9.70747E-07,-2.11E-11,0.0001189845,1.189845E-05
0.5,1.09388E-05,-1.32E-10,0,0.01,-0.1,1.09388E-06,-1.32E-11,0.0001274015,1.274015E-05
0.51,1.22555E-05,-1.93E-10,0,0.01,-0.1,1.22555E-06,-1.93E-11,0.000135285,1.35285E-05
0.52,1.36445E-05,-1.063E-09,0,0.01,-0.1,1.36445E-06,-1.063E-10,0.000141245,1.41245E-05
0.53,1.50804E-05,8.2E-11,0,0.01,-0.1,1.50804E-06,8.2E-12,0.000148095,1.48095E-05
0.54,1.66064E-05,7.37E-10,0,0.01,-0.1,1.66064E-06,7.37E-11,0.000154715,1.54715E-05
0.55,1.81747E-05,1.502E-09,0,0.01,-0.1,1.81747E-06,1.502E-10,0.00015848,1.5848E-05
0.56,1.9776E-05,-1.4E-10,0,0.01,-0.1,1.9776E-06,-1.4E-11,0.00016396,1.6396E-05
0.57,2.14539E-05,-1.53E-10,0,0.01,-0.1,2.14539E-06,-1.53E-11,0.000168325,1.68325E-05
0.58,2.31425E-05,-1.198E-09,0,0.01,-0.1,2.31425E-06,-1.198E-10,0.000171595,1.71595E-05
0.59,2.48858E-05,-5.5E-11,0,0.01,-0.1,2.48858E-06,-5.5E-12,0.000175265000000001,1.75265000000001E-05
0.6,2.66478E-05,5.93E-10,0,0.01,-0.1,2.66478E-06,5.93E-11,0.000178680000000001,1.78680000000001E-05
0.61,2.84594E-05,7.46E-10,0,0.01,-0.1,2.84594E-06,7.46E-11,0.000181,1.81E-05
0.62,3.02678E-05,1.539E-09,0,0.01,-0.1,3.02678E-06,1.539E-10,0.000183405,1.83405E-05
0.63,3.21275E-05,4.7E-11,0,0.01,-0.1,3.21275E-06,4.7E-12,0.00018696,1.8696E-05
0.64,3.4007E-05,-1.81E-10,0,0.01,-0.1,3.4007E-06,-1.81E-11,0.000188175,1.88175E-05
0.65,3.5891E-05,-1.232E-09,0,0.01,-0.1,3.5891E-06,-1.232E-10,0.0001911,1.911E-05
0.66,3.7829E-05,-2.1E-11,0,0.01,-0.1,3.7829E-06,-2.1E-12,0.000192125,1.92125E-05
0.67,3.97335E-05,7.12E-10,0,0.01,-0.1,3.97335E-06,7.12E-11,0.000192125,1.92125E-05
0.68,4.16715E-05,1.839E-09,0,0.01,-0.1,4.16715E-06,1.839E-10,0.000195805,1.95805E-05
0.69,4.36496E-05,-2.9E-11,0,0.01,-0.1,4.36496E-06,-2.9E-12,0.000196905,1.96905E-05
0.7,4.56096E-05,-1.14E-10,0,0.01,-0.1,4.56096E-06,-1.14E-11,0.000196795,1.96795E-05
0.71,4.75855E-05,-1.09E-10,0,0.01,-0.1,4.75855E-06,-1.09E-11,0.000196915,1.96915E-05
0.72,4.95479E-05,-1.046E-09,0,0.01,-0.1,4.95479E-06,-1.046E-10,0.000197020000000001,1.97020000000001E-05
0.73,5.15259E-05,9.9E-11,0,0.01,-0.1,5.15259E-06,9.9E-12,0.000198500000000001,1.98500000000001E-05
0.74,5.35179E-05,7.5E-10,0,0.01,-0.1,5.35179E-06,7.5E-11,0.000198715,1.98715E-05
0.75,5.55002E-05,1.501E-09,0,0.01,-0.1,5.55002E-06,1.501E-10,0.000198855,1.98855E-05
0.76,5.7495E-05,-3.7E-11,0,0.01,-0.1,5.7495E-06,-3.7E-12,0.000199345,1.99345E-05
0.77,5.94871E-05,-1.7E-10,0,0.01,-0.1,5.94871E-06,-1.7E-11,0.000199014999999999,1.99014999999999E-05
0.78,6.14753E-05,-1.201E-09,0,0.01,-0.1,6.14753E-06,-1.201E-10,0.000199235,1.99235E-05
0.79,6.34718E-05,-6.1E-11,0,0.01,-0.1,6.34718E-06,-6.1E-12,0.000199775,1.99775E-05
0.8,6.54708E-05,6.91E-10,0,0.01,-0.1,6.54708E-06,6.91E-11,0.00019859,1.9859E-05
0.81,6.74436E-05,1.778E-09,0,0.01,-0.1,6.74436E-06,1.778E-10,0.000198175,1.98175E-05
0.82,6.94343E-05,-9.9E-11,0,0.01,-0.1,6.94343E-06,-9.9E-12,0.000198245,1.98245E-05
0.83,7.14085E-05,-7E-12,0,0.01,-0.1,7.14085E-06,-7E-13,0.000197195,1.97194999999999E-05
0.84,7.33782E-05,-8.8E-11,0,0.01,-0.1,7.33782E-06,-8.8E-12,0.00019746,1.97459999999999E-05
0.85,7.53577E-05,-1.227E-09,0,0.01,-0.1,7.53577E-06,-1.227E-10,0.000196965000000001,1.96965000000001E-05
0.86,7.73175E-05,-4.5E-11,0,0.01,-0.1,7.73175E-06,-4.5E-12,0.000196270000000001,1.96270000000001E-05
0.87,7.92831E-05,6.92E-10,0,0.01,-0.1,7.92831E-06,6.92E-11,0.000196365,1.96364999999999E-05
0.88,8.12448E-05,1.789E-09,0,0.01,-0.1,8.12448E-06,1.789E-10,0.000196095,1.96095E-05
0.89,8.3205E-05,1E-11,0,0.01,-0.1,8.3205E-06,1E-12,0.000195625,1.95625E-05
0.9,8.51573E-05,1.699E-09,0,0.01,-0.1,8.51573E-06,1.699E-10,0.0001926,1.926E-05
0.91,8.7057E-05,1.98E-10,0,0.01,-0.1,8.7057E-06,1.98E-11,0.000191554999999999,1.91554999999999E-05
0.92,8.89884E-05,1.78E-09,0,0.01,-0.1,8.89884E-06,1.78E-10,0.000193505,1.93504999999998E-05
0.93,9.09271E-05,-7.4E-11,0,0.01,-0.1,9.09271E-06,-7.4E-12,0.000192,1.92E-05
0.94,9.28284E-05,1.692E-09,0,0.01,-0.1,9.28284E-06,1.692E-10,0.00018942,1.89420000000001E-05
0.95,9.47155E-05,6.1E-11,0,0.01,-0.1,9.47155E-06,6.1E-12,0.00019072,1.9072E-05
0.96,9.66428E-05,1.791E-09,0,0.01,-0.1,9.66428E-06,1.791E-10,0.000191015,1.91015E-05
0.97,9.85358E-05,8E-12,0,0.01,-0.1,9.85358E-06,8E-13,0.00018702,1.8702E-05
0.98,0.0001003832,1.607E-09,0,0.01,-0.1,1.003832E-05,1.607E-10,0.00019111,1.91110000000001E-05
0.99,0.000102358,-1.048E-09,0,0.01,-0.1,1.02358E-05,-1.048E-10,0.000192140000000001,1.92140000000001E-05
1,0.000104226,5.9E-11,0,0.01,-0.1,1.04226E-05,5.9E-12,0.0001849,1.849E-05
1.01,0.000106056,7.19E-10,0,0.01,-0.1,1.06056E-05,7.19E-11,0.0001819,1.81900000000001E-05
1.02,0.000107864,1.669E-09,0,0.01,-0.1,1.07864E-05,1.669E-10,0.0001827,1.827E-05
1.03,0.00010971,2E-12,0,0.01,-0.1,1.0971E-05,2E-13,0.00018265,1.82649999999999E-05
1.04,0.000111517,-6.3E-11,0,0.01,-0.1,1.11517E-05,-6.3E-12,0.00018075,1.8075E-05
1.05,0.000113325,-1.09E-10,0,0.01,-0.1,1.13325E-05,-1.09E-11,0.000178099999999999,1.781E-05
1.06,0.000115079,-9.2E-11,0,0.01,-0.1,1.15079E-05,-9.2E-12,0.0001781,1.781E-05
1.07,0.000116887,-1.237E-09,0,0.01,-0.1,1.16887E-05,-1.237E-10,0.0001785,1.78500000000001E-05
1.08,0.000118649,8.3E-11,0,0.01,-0.1,1.18649E-05,8.3E-12,0.00017475,1.7475E-05
1.09,0.000120382,6.95E-10,0,0.01,-0.1,1.20382E-05,6.95E-11,0.000174399999999999,1.74399999999999E-05
1.1,0.000122137,7.2E-10,0,0.01,-0.1,1.22137E-05,7.2E-11,0.000173549999999999,1.73549999999999E-05
1.11,0.000123853,1.411E-09,0,0.01,-0.1,1.23853E-05,1.411E-10,0.000171350000000001,1.71350000000001E-05
1.12,0.000125564,-1.27E-10,0,0.01,-0.1,1.25564E-05,-1.27E-11,0.00017115,1.7115E-05
1.13,0.000127276,-1.53E-10,0,0.01,-0.1,1.27276E-05,-1.53E-11,0.000170649999999999,1.7065E-05
1.14,0.000128977,-1.208E-09,0,0.01,-0.1,1.28977E-05,-1.208E-10,0.000168150000000001,1.68150000000001E-05
1.15,0.000130639,-2.9E-11,0,0.01,-0.1,1.30639E-05,-2.9E-12,0.000167199999999999,1.67199999999999E-05
1.16,0.000132321,6.71E-10,0,0.01,-0.1,1.32321E-05,6.71E-11,0.000166499999999999,1.66499999999999E-05
1.17,0.000133969,7.4E-10,0,0.01,-0.1,1.33969E-05,7.4E-11,0.00016485,1.64850000000001E-05
1.18,0.000135618,1.377E-09,0,0.01,-0.1,1.35618E-05,1.377E-10,0.000163000000000001,1.63000000000002E-05
1.19,0.000137229,-2.32E-10,0,0.01,-0.1,1.37229E-05,-2.32E-11,0.000161400000000002,1.61400000000001E-05
1.2,0.000138846,-1.72E-10,0,0.01,-0.1,1.38846E-05,-1.72E-11,0.000160950000000001,1.6095E-05
1.21,0.000140448,-1.217E-09,0,0.01,-0.1,1.40448E-05,-1.217E-10,0.000162,1.62E-05
1.22,0.000142086,6.9E-11,0,0.01,-0.1,1.42086E-05,6.9E-12,0.000159799999999999,1.598E-05
1.23,0.000143644,5.41E-10,0,0.01,-0.1,1.43644E-05,5.41E-11,0.000155,1.55E-05
1.24,0.000145186,2.82E-10,0,0.01,-0.1,1.45186E-05,2.82E-11,0.000156449999999999,1.56449999999999E-05
1.25,0.000146773,1.629E-09,0,0.01,-0.1,1.46773E-05,1.629E-10,0.000156,1.56000000000001E-05
1.26,0.000148306,-3.23E-10,0,0.01,-0.1,1.48306E-05,-3.23E-11,0.0001533,1.533E-05
1.27,0.000149839,-9.6E-11,0,0.01,-0.1,1.49839E-05,-9.6E-12,0.00015175,1.5175E-05
1.28,0.000151341,-6.6E-11,0,0.01,-0.1,1.51341E-05,-6.6E-12,0.00015195,1.51950000000001E-05
1.29,0.000152878,-1.074E-09,0,0.01,-0.1,1.52878E-05,-1.074E-10,0.00014945,1.4945E-05
1.3,0.00015433,1.09E-10,0,0.01,-0.1,1.5433E-05,1.09E-11,0.00014635,1.46350000000001E-05
1.31,0.000155805,7.05E-10,0,0.01,-0.1,1.55805E-05,7.05E-11,0.0001477,1.477E-05
1.32,0.000157284,1.735E-09,0,0.01,-0.1,1.57284E-05,1.735E-10,0.000146899999999999,1.46899999999998E-05
1.33,0.000158743,-6.4E-11,0,0.01,-0.1,1.58743E-05,-6.4E-12,0.000143349999999999,1.43349999999999E-05
1.34,0.000160151,-5.7E-11,0,0.01,-0.1,1.60151E-05,-5.7E-12,0.00014245,1.42450000000001E-05
1.35,0.000161592,-9.6E-11,0,0.01,-0.1,1.61592E-05,-9.6E-12,0.000142500000000001,1.42500000000001E-05
1.36,0.000163001,-6.2E-11,0,0.01,-0.1,1.63001E-05,-6.2E-12,0.00014075,1.4075E-05
1.37,0.000164407,-1.093E-09,0,0.01,-0.1,1.64407E-05,-1.093E-10,0.000139299999999999,1.39299999999999E-05
1.38,0.000165787,1.91E-10,0,0.01,-0.1,1.65787E-05,1.91E-11,0.0001372,1.37199999999999E-05
1.39,0.000167151,7.07E-10,0,0.01,-0.1,1.67151E-05,7.07E-11,0.000137000000000001,1.37000000000002E-05
1.4,0.000168527,1.783E-09,0,0.01,-0.1,1.68527E-05,1.783E-10,0.00013515,1.35150000000001E-05
1.41,0.000169854,-1.37E-10,0,0.01,-0.1,1.69854E-05,-1.37E-11,0.000133349999999999,1.33349999999998E-05
1.42,0.000171194,1.97E-10,0,0.01,-0.1,1.71194E-05,1.97E-11,0.00013325,1.33249999999999E-05
1.43,0.000172519,-1.32E-10,0,0.01,-0.1,1.72519E-05,-1.32E-11,0.000131850000000001,1.31850000000003E-05
1.44,0.000173831,-9E-11,0,0.01,-0.1,1.73831E-05,-9E-12,0.000130449999999999,1.3045E-05
1.45,0.000175128,-1.19E-10,0,0.01,-0.1,1.75128E-05,-1.19E-11,0.0001287,1.28699999999999E-05
1.46,0.000176405,-6.1E-11,0,0.01,-0.1,1.76405E-05,-6.1E-12,0.000126550000000002,1.26550000000001E-05
1.47,0.000177659,-1.038E-09,0,0.01,-0.1,1.77659E-05,-1.038E-10,0.0001256,1.25600000000001E-05
1.48,0.000178917,1.14E-10,0,0.01,-0.1,1.78917E-05,1.14E-11,0.00012595,1.2595E-05
1.49,0.000180178,6.98E-10,0,0.01,-0.1,1.80178E-05,6.98E-11,0.0001248,1.24799999999997E-05
1.5,0.000181413,1.702E-09,0,0.01,-0.1,1.81413E-05,1.702E-10,0.0001224,1.22399999999999E-05
1.51,0.000182626,3E-11,0,0.01,-0.1,1.82626E-05,3E-12,0.00011955,1.19550000000001E-05
1.52,0.000183804,-3E-11,0,0.01,-0.1,1.83804E-05,-3E-12,0.0001185,1.18500000000002E-05
1.53,0.000184996,-1.03E-10,0,0.01,-0.1,1.84996E-05,-1.03E-11,0.00011775,1.17750000000001E-05
1.54,0.000186159,-1.87E-10,0,0.01,-0.1,1.86159E-05,-1.87E-11,0.00011955,1.19549999999999E-05
1.55,0.000187387,-1.49E-10,0,0.01,-0.1,1.87387E-05,-1.49E-11,0.000117800000000001,1.17800000000001E-05
1.56,0.000188515,-1.239E-09,0,0.01,-0.1,1.88515E-05,-1.239E-10,0.000115399999999999,1.15399999999999E-05
1.57,0.000189695,1.12E-10,0,0.01,-0.1,1.89695E-05,1.12E-11,0.000115399999999999,1.15399999999999E-05
1.58,0.000190823,6.95E-10,0,0.01,-0.1,1.90823E-05,6.95E-11,0.00011,1.09999999999999E-05
1.59,0.000191895,7.36E-10,0,0.01,-0.1,1.91895E-05,7.36E-11,0.00011115,1.1115E-05
1.6,0.000193046,1.411E-09,0,0.01,-0.1,1.93046E-05,1.411E-10,0.00011155,1.11550000000001E-05
1.61,0.000194126,-9E-11,0,0.01,-0.1,1.94126E-05,-9E-12,0.000108249999999999,1.0825E-05
1.62,0.000195211,-1.6E-10,0,0.01,-0.1,1.95211E-05,-1.6E-11,0.000106600000000001,1.06600000000002E-05
1.63,0.000196258,-1.245E-09,0,0.01,-0.1,1.96258E-05,-1.245E-10,0.0001049,1.049E-05
1.64,0.000197309,1.4E-11,0,0.01,-0.1,1.97309E-05,1.4E-12,0.0001068,1.068E-05
1.65,0.000198394,1.04E-10,0,0.01,-0.1,1.98394E-05,1.04E-11,0.00010675,1.0675E-05
1.66,0.000199444,1.67E-10,0,0.01,-0.1,1.99444E-05,1.67E-11,0.000103850000000001,1.03849999999999E-05
1.67,0.000200471,7.51E-10,0,0.01,-0.1,2.00471E-05,7.51E-11,0.000100750000000001,1.00750000000001E-05
1.68,0.000201459,1.614E-09,0,0.01,-0.1,2.01459E-05,1.614E-10,0.000100449999999999,1.00449999999998E-05
1.69,0.00020248,-1.11E-10,0,0.01,-0.1,2.0248E-05,-1.11E-11,9.99499999999988E-05,9.99499999999988E-06
1.7,0.000203458,-1.15E-10,0,0.01,-0.1,2.03458E-05,-1.15E-11,9.66500000000011E-05,9.66500000000018E-06
1.71,0.000204413,-2.01E-10,0,0.01,-0.1,2.04413E-05,-2.01E-11,9.67000000000016E-05,9.6700000000003E-06
1.72,0.000205392,-1.185E-09,0,0.01,-0.1,2.05392E-05,-1.185E-10,9.57000000000008E-05,9.57000000000008E-06
1.73,0.000206327,7.4E-11,0,0.01,-0.1,2.06327E-05,7.4E-12,9.36499999999999E-05,9.36500000000003E-06
1.74,0.000207265,1.243E-09,0,0.01,-0.1,2.07265E-05,1.243E-10,9.47499999999996E-05,9.47499999999993E-06
1.75,0.000208222,-1.11E-10,0,0.01,-0.1,2.08222E-05,-1.11E-11,9.47499999999996E-05,9.47499999999993E-06
1.76,0.00020916,-1.24E-10,0,0.01,-0.1,2.0916E-05,-1.24E-11,9.41499999999997E-05,9.41499999999997E-06
1.77,0.000210105,-1.028E-09,0,0.01,-0.1,2.10105E-05,-1.028E-10,9.13500000000003E-05,9.13499999999986E-06
1.78,0.000210987,2.71E-10,0,0.01,-0.1,2.10987E-05,2.71E-11,8.75999999999996E-05,8.75999999999989E-06
1.79,0.000211857,7.39E-10,0,0.01,-0.1,2.11857E-05,7.39E-11,8.91499999999996E-05,8.91500000000006E-06
1.8,0.00021277,1.658E-09,0,0.01,-0.1,2.1277E-05,1.658E-10,9.13000000000009E-05,9.13000000000036E-06
0,2.453E-11,-8.83E-10,0,0.01,-0.2,2.453E-12,-8.83E-11,2.61E-10,2.60999999999999E-11
0.01,2.714E-11,-9.5E-11,0,0.01,-0.2,2.714E-12,-9.5E-12,3.62E-10,3.61999999999999E-11
0.02,3.177E-11,1.2E-11,0,0.01,-0.2,3.177E-12,1.2E-12,4.02E-10,4.02E-11
0.03,3.518E-11,-1.09E-10,0,0.01,-0.2,3.518E-12,-1.09E-11,5.86E-10,5.86E-11
0.04,4.349E-11,1.1E-11,0,0.01,-0.2,4.349E-12,1.1E-12,7.905E-10,7.905E-11
0.05,5.099E-11,-9.5E-11,0,0.01,-0.2,5.099E-12,-9.5E-12,1.1005E-09,1.1005E-10
0.06,6.55E-11,7.2E-11,0,0.01,-0.2,6.55E-12,7.2E-12,1.5045E-09,1.5045E-10
0.07,8.108E-11,-2.39E-10,0,0.01,-0.2,8.108E-12,-2.39E-11,2.091E-09,2.091E-10
0.08,1.0732E-10,4.8E-11,0,0.01,-0.2,1.0732E-11,4.8E-12,2.7885E-09,2.7885E-10
0.09,1.3685E-10,-1.87E-10,0,0.01,-0.2,1.3685E-11,-1.87E-11,3.8625E-09,3.8625E-10
0.1,1.8457E-10,9.1E-11,0,0.01,-0.2,1.8457E-11,9.1E-12,5.5285E-09,5.5285E-10
0.11,2.4742E-10,2.6E-11,0,0.01,-0.2,2.4742E-11,2.6E-12,7.463E-09,7.463E-10
0.12,3.3383E-10,7.4E-11,0,0.01,-0.2,3.3383E-11,7.4E-12,1.04415E-08,1.04415E-09
0.13,4.5625E-10,1.61E-10,0,0.01,-0.2,4.5625E-11,1.61E-11,1.3995E-08,1.3995E-09
0.14,6.1373E-10,-4.34E-10,0,0.01,-0.2,6.1373E-11,-4.34E-11,1.97015E-08,1.97015E-09
0.15,8.5028E-10,6.76E-10,0,0.01,-0.2,8.5028E-11,6.76E-11,2.49515E-08,2.49515E-09
0.16,1.11276E-09,-1.79E-10,0,0.01,-0.2,1.11276E-10,-1.79E-11,3.6373E-08,3.6373E-09
0.17,1.57774E-09,1.47E-10,0,0.01,-0.2,1.57774E-10,1.47E-11,5.02879999999999E-08,5.02879999999999E-09
0.18,2.11852E-09,1.44E-09,0,0.01,-0.2,2.11852E-10,1.44E-10,6.7415E-08,6.7415E-09
0.19,2.92604E-09,-2.73E-10,0,0.01,-0.2,2.92604E-10,-2.73E-11,9.39375000000001E-08,9.39375000000001E-09
0.2,3.99727E-09,-9.9E-11,0,0.01,-0.2,3.99727E-10,-9.9E-12,1.348525E-07,1.348525E-08
0.21,5.62309E-09,-2.15E-10,0,0.01,-0.2,5.62309E-10,-2.15E-11,1.743325E-07,1.743325E-08
0.22,7.48392E-09,-1.88E-10,0,0.01,-0.2,7.48392E-10,-1.88E-11,2.519355E-07,2.519355E-08
0.23,1.06618E-08,1.26E-09,0,0.01,-0.2,1.06618E-09,1.26E-10,3.45764E-07,3.45764E-08
0.24,1.43992E-08,9.21E-10,0,0.01,-0.2,1.43992E-09,9.21E-11,4.59875E-07,4.59875E-08
0.25,1.98593E-08,-2.36E-10,0,0.01,-0.2,1.98593E-09,-2.36E-11,6.58055E-07,6.58055E-08
0.26,2.75603E-08,-4.49E-10,0,0.01,-0.2,2.75603E-09,-4.49E-11,8.76914999999999E-07,8.76914999999999E-08
0.27,3.73976E-08,5.07E-10,0,0.01,-0.2,3.73976E-09,5.07E-11,1.171925E-06,1.171925E-07
0.28,5.09988E-08,-2.06E-10,0,0.01,-0.2,5.09988E-09,-2.06E-11,1.60677E-06,1.60677E-07
0.29,6.9533E-08,-3.59E-10,0,0.01,-0.2,6.9533E-09,-3.59E-11,2.19166E-06,2.19166E-07
0.3,9.4832E-08,7.04E-10,0,0.01,-0.2,9.4832E-09,7.04E-11,2.90805000000001E-06,2.90805000000001E-07
0.31,1.27694E-07,1.246E-09,0,0.01,-0.2,1.27694E-08,1.246E-10,3.9731E-06,3.9731E-07
0.32,1.74294E-07,1.726E-09,0,0.01,-0.2,1.74294E-08,1.726E-10,5.32034999999999E-06,5.32034999999999E-07
0.33,2.34101E-07,-1.66E-10,0,0.01,-0.2,2.34101E-08,-1.66E-11,6.87375E-06,6.87375E-07
0.34,3.11769E-07,1.271E-09,0,0.01,-0.2,3.11769E-08,1.271E-10,8.93774999999999E-06,8.93774999999999E-07
0.35,4.12856E-07,2.37E-10,0,0.01,-0.2,4.12856E-08,2.37E-11,1.166325E-05,1.166325E-06
0.36,5.45034E-07,1.92E-10,0,0.01,-0.2,5.45034E-08,1.92E-11,1.51612E-05,1.51612E-06
0.37,7.1608E-07,1.759E-09,0,0.01,-0.2,7.1608E-08,1.759E-10,1.893225E-05,1.893225E-06
0.38,9.23679E-07,-7.6E-11,0,0.01,-0.2,9.23679E-08,-7.6E-12,2.3163E-05,2.3163E-06
0.39,1.17934E-06,1.74E-09,0,0.01,-0.2,1.17934E-07,1.74E-10,2.851955E-05,2.851955E-06
0.4,1.49407E-06,-5.7E-11,0,0.01,-0.2,1.49407E-07,-5.7E-12,3.52645E-05,3.52645E-06
0.41,1.88463E-06,1.71E-09,0,0.01,-0.2,1.88463E-07,1.71E-10,4.23015E-05,4.23015E-06
0.42,2.3401E-06,3.3E-11,0,0.01,-0.2,2.3401E-07,3.3E-12,4.85245000000001E-05,4.85245000000001E-06
0.43,2.85512E-06,1.764E-09,0,0.01,-0.2,2.85512E-07,1.764E-10,5.64495000000001E-05,5.64495000000001E-06
0.44,3.46909E-06,-1.7E-11,0,0.01,-0.2,3.46909E-07,-1.7E-12,6.51344999999999E-05,6.51344999999999E-06
0.45,4.15781E-06,1.619E-09,0,0.01,-0.2,4.15781E-07,1.619E-10,7.34409999999999E-05,7.34409999999999E-06
0.46,4.93791E-06,1.5E-10,0,0.01,-0.2,4.93791E-07,1.5E-11,8.2034E-05,8.2034E-06
0.47,5.79849E-06,1.788E-09,0,0.01,-0.2,5.79849E-07,1.788E-10,9.05729999999999E-05,9.05729999999999E-06
0.48,6.74937E-06,-1.35E-10,0,0.01,-0.2,6.74937E-07,-1.35E-11,9.9395E-05,9.93949999999999E-06
0.49,7.78639E-06,-1.54E-10,0,0.01,-0.2,7.78639E-07,-1.54E-11,0.000107487,1.07487E-05
0.5,8.89911E-06,-1.31E-10,0,0.01,-0.2,8.89911E-07,-1.31E-11,0.0001150495,1.150495E-05
0.51,1.008738E-05,-1.63E-10,0,0.01,-0.2,1.008738E-06,-1.63E-11,0.0001229995,1.229995E-05
0.52,1.13591E-05,-1.68E-10,0,0.01,-0.2,1.13591E-06,-1.68E-11,0.000130991,1.30991E-05
0.53,1.27072E-05,-2.75E-10,0,0.01,-0.2,1.27072E-06,-2.75E-11,0.000138475,1.38475E-05
0.54,1.41286E-05,-1.422E-09,0,0.01,-0.2,1.41286E-06,-1.422E-10,0.00014379,1.4379E-05
0.55,1.5583E-05,-5.5E-11,0,0.01,-0.2,1.5583E-06,-5.5E-12,0.00014792,1.4792E-05
0.56,1.7087E-05,6.57E-10,0,0.01,-0.2,1.7087E-06,6.57E-11,0.00015446,1.5446E-05
0.57,1.86722E-05,1.822E-09,0,0.01,-0.2,1.86722E-06,1.822E-10,0.000160115,1.60115E-05
0.58,2.02893E-05,-8.3E-11,0,0.01,-0.2,2.02893E-06,-8.3E-12,0.000164365,1.64365E-05
0.59,2.19595E-05,-1.27E-10,0,0.01,-0.2,2.19595E-06,-1.27E-11,0.000169150000000001,1.69150000000001E-05
0.6,2.36723E-05,-1.4E-10,0,0.01,-0.2,2.36723E-06,-1.4E-11,0.000173870000000001,1.73870000000001E-05
0.61,2.54369E-05,-1.322E-09,0,0.01,-0.2,2.54369E-06,-1.322E-10,0.00017597,1.7597E-05
0.62,2.71917E-05,3.6E-11,0,0.01,-0.2,2.71917E-06,3.6E-12,0.000178505,1.78505E-05
0.63,2.9007E-05,6.79E-10,0,0.01,-0.2,2.9007E-06,6.79E-11,0.00018261,1.82609999999999E-05
0.64,3.08439E-05,1.719E-09,0,0.01,-0.2,3.08439E-06,1.719E-10,0.000183875,1.83875E-05
0.65,3.26845E-05,-1.13E-10,0,0.01,-0.2,3.26845E-06,-1.13E-11,0.000186475,1.86475E-05
0.66,3.45734E-05,3.8E-11,0,0.01,-0.2,3.45734E-06,3.8E-12,0.000190385,1.90385E-05
0.67,3.64922E-05,-9.29E-10,0,0.01,-0.2,3.64922E-06,-9.29E-11,0.000191385,1.91385E-05
0.68,3.84011E-05,1.78E-10,0,0.01,-0.2,3.84011E-06,1.78E-11,0.00019176,1.9176E-05
0.69,4.03274E-05,6.85E-10,0,0.01,-0.2,4.03274E-06,6.85E-11,0.000191355,1.91355E-05
0.7,4.22282E-05,1.538E-09,0,0.01,-0.2,4.22282E-06,1.538E-10,0.000193905,1.93905E-05
0.71,4.42055E-05,-1.48E-10,0,0.01,-0.2,4.42055E-06,-1.48E-11,0.00019698,1.9698E-05
0.72,4.61678E-05,-2.18E-10,0,0.01,-0.2,4.61678E-06,-2.18E-11,0.000197695000000001,1.97695000000001E-05
0.73,4.81594E-05,-1.42E-09,0,0.01,-0.2,4.81594E-06,-1.42E-10,0.000198770000000001,1.98770000000001E-05
0.74,5.01432E-05,7.5E-11,0,0.01,-0.2,5.01432E-06,7.5E-12,0.00019717,1.97169999999999E-05
0.75,5.21028E-05,6.46E-10,0,0.01,-0.2,5.21028E-06,6.46E-11,0.00019732,1.9732E-05
0.76,5.40896E-05,1.72E-09,0,0.01,-0.2,5.40896E-06,1.72E-10,0.000197435,1.97435000000001E-05
0.77,5.60515E-05,-5.5E-11,0,0.01,-0.2,5.60515E-06,-5.5E-12,0.000197715,1.97714999999999E-05
0.78,5.80439E-05,-5.1E-11,0,0.01,-0.2,5.80439E-06,-5.1E-12,0.000200965,2.00964999999999E-05
0.79,6.00708E-05,-2.33E-10,0,0.01,-0.2,6.00708E-06,-2.33E-11,0.000199065,1.99065E-05
0.8,6.20252E-05,-1.41E-09,0,0.01,-0.2,6.20252E-06,-1.41E-10,0.00019847,1.9847E-05
0.81,6.40402E-05,1.4E-11,0,0.01,-0.2,6.40402E-06,1.4E-12,0.00019866,1.9866E-05
0.82,6.59984E-05,6.27E-10,0,0.01,-0.2,6.59984E-06,6.27E-11,0.00019688,1.9688E-05
0.83,6.79778E-05,7.01E-10,0,0.01,-0.2,6.79778E-06,7.01E-11,0.00019851,1.9851E-05
0.84,6.99686E-05,1.352E-09,0,0.01,-0.2,6.99686E-06,1.352E-10,0.00019815,1.9815E-05
0.85,7.19408E-05,-2.03E-10,0,0.01,-0.2,7.19408E-06,-2.03E-11,0.000196700000000001,1.96700000000001E-05
0.86,7.39026E-05,-2.46E-10,0,0.01,-0.2,7.39026E-06,-2.46E-11,0.000196385000000001,1.96385000000001E-05
0.87,7.58685E-05,-2.94E-10,0,0.01,-0.2,7.58685E-06,-2.94E-11,0.00019634,1.9634E-05
0.88,7.78294E-05,-1.32E-09,0,0.01,-0.2,7.78294E-06,-1.32E-10,0.000196695,1.96695E-05
0.89,7.98024E-05,2.5E-11,0,0.01,-0.2,7.98024E-06,2.5E-12,0.000196255,1.96255E-05
0.9,8.17545E-05,6.06E-10,0,0.01,-0.2,8.17545E-06,6.06E-11,0.00019345,1.9345E-05
0.91,8.36714E-05,1.05E-10,0,0.01,-0.2,8.36714E-06,1.05E-11,0.000192805,1.92804999999999E-05
0.92,8.56106E-05,1.606E-09,0,0.01,-0.2,8.56106E-06,1.606E-10,0.00019322,1.9322E-05
0.93,8.75358E-05,-7.6E-11,0,0.01,-0.2,8.75358E-06,-7.6E-12,0.000190385,1.90385E-05
0.94,8.94183E-05,1.536E-09,0,0.01,-0.2,8.94183E-06,1.536E-10,0.000190205,1.90205E-05
0.95,9.13399E-05,1.575E-09,0,0.01,-0.2,9.13399E-06,1.575E-10,0.00018966,1.8966E-05
0.96,9.32115E-05,1.53E-10,0,0.01,-0.2,9.32115E-06,1.53E-11,0.000191095,1.91094999999999E-05
0.97,9.51618E-05,1.736E-09,0,0.01,-0.2,9.51618E-06,1.736E-10,0.00019104,1.9104E-05
0.98,9.70323E-05,-1.4E-10,0,0.01,-0.2,9.70323E-06,-1.4E-11,0.000187099999999999,1.87099999999999E-05
0.99,9.89038E-05,-9.8E-11,0,0.01,-0.2,9.89038E-06,-9.8E-12,0.00018644,1.86440000000001E-05
1,0.0001007611,-2.61E-10,0,0.01,-0.2,1.007611E-05,-2.61E-11,0.000185335000000001,1.85335000000001E-05
1.01,0.0001026105,-1.64E-10,0,0.01,-0.2,1.026105E-05,-1.64E-11,0.000190545,1.90545E-05
1.02,0.000104572,-9.2E-11,0,0.01,-0.2,1.04572E-05,-9.2E-12,0.000189725,1.89725E-05
1.03,0.000106405,-2.36E-10,0,0.01,-0.2,1.06405E-05,-2.36E-11,0.000183,1.83E-05
1.04,0.000108232,-1.304E-09,0,0.01,-0.2,1.08232E-05,-1.304E-10,0.00018165,1.8165E-05
1.05,0.000110038,6.2E-11,0,0.01,-0.2,1.10038E-05,6.2E-12,0.00017945,1.79449999999999E-05
1.06,0.000111821,6.67E-10,0,0.01,-0.2,1.11821E-05,6.67E-11,0.0001785,1.78499999999999E-05
1.07,0.000113608,1.832E-09,0,0.01,-0.2,1.13608E-05,1.832E-10,0.000178149999999999,1.7815E-05
1.08,0.000115384,-1.46E-10,0,0.01,-0.2,1.15384E-05,-1.46E-11,0.00017715,1.7715E-05
1.09,0.000117151,-1.13E-10,0,0.01,-0.2,1.17151E-05,-1.13E-11,0.0001752,1.75199999999999E-05
1.1,0.000118888,-2.17E-10,0,0.01,-0.2,1.18888E-05,-2.17E-11,0.0001743,1.74299999999999E-05
1.11,0.000120637,-2.61E-10,0,0.01,-0.2,1.20637E-05,-2.61E-11,0.00017335,1.7335E-05
1.12,0.000122355,-1.232E-09,0,0.01,-0.2,1.22355E-05,-1.232E-10,0.0001722,1.722E-05
1.13,0.000124081,4.3E-11,0,0.01,-0.2,1.24081E-05,4.3E-12,0.0001724,1.724E-05
1.14,0.000125803,6.6E-10,0,0.01,-0.2,1.25803E-05,6.6E-11,0.000170300000000001,1.70300000000001E-05
1.15,0.000127487,1.669E-09,0,0.01,-0.2,1.27487E-05,1.669E-10,0.000168049999999999,1.68049999999999E-05
1.16,0.000129164,-1.84E-10,0,0.01,-0.2,1.29164E-05,-1.84E-11,0.000166299999999999,1.66299999999999E-05
1.17,0.000130813,-2.19E-10,0,0.01,-0.2,1.30813E-05,-2.19E-11,0.00016555,1.6555E-05
1.18,0.000132475,-2.82E-10,0,0.01,-0.2,1.32475E-05,-2.82E-11,0.000164250000000002,1.64250000000002E-05
1.19,0.000134098,-1.163E-09,0,0.01,-0.2,1.34098E-05,-1.163E-10,0.000162900000000001,1.62900000000001E-05
1.2,0.000135733,0,0,0.01,-0.2,1.35733E-05,0,0.000162900000000001,1.629E-05
1.21,0.000137356,6.43E-10,0,0.01,-0.2,1.37356E-05,6.43E-11,0.000161900000000001,1.61900000000002E-05
1.22,0.000138971,1.607E-09,0,0.01,-0.2,1.38971E-05,1.607E-10,0.000159199999999999,1.592E-05
1.23,0.00014054,-6.9E-11,0,0.01,-0.2,1.4054E-05,-6.9E-12,0.000157949999999999,1.57949999999999E-05
1.24,0.00014213,-1.93E-10,0,0.01,-0.2,1.4213E-05,-1.93E-11,0.000156799999999999,1.568E-05
1.25,0.000143676,-2E-10,0,0.01,-0.2,1.43676E-05,-2E-11,0.000154200000000001,1.542E-05
1.26,0.000145214,-1.207E-09,0,0.01,-0.2,1.45214E-05,-1.207E-10,0.000155500000000001,1.55499999999999E-05
1.27,0.000146786,4.6E-11,0,0.01,-0.2,1.46786E-05,4.6E-12,0.00015475,1.5475E-05
1.28,0.000148309,6.64E-10,0,0.01,-0.2,1.48309E-05,6.64E-11,0.000151099999999999,1.51099999999999E-05
1.29,0.000149808,1.576E-09,0,0.01,-0.2,1.49808E-05,1.576E-10,0.0001507,1.507E-05
1.3,0.000151323,-1.68E-10,0,0.01,-0.2,1.51323E-05,-1.68E-11,0.000150850000000001,1.50850000000002E-05
1.31,0.000152825,-2E-10,0,0.01,-0.2,1.52825E-05,-2E-11,0.0001485,1.48499999999999E-05
1.32,0.000154293,-1.3E-10,0,0.01,-0.2,1.54293E-05,-1.3E-11,0.0001451,1.45099999999998E-05
1.33,0.000155727,-1.193E-09,0,0.01,-0.2,1.55727E-05,-1.193E-10,0.00014455,1.4455E-05
1.34,0.000157184,1.31E-10,0,0.01,-0.2,1.57184E-05,1.31E-11,0.00014515,1.45150000000001E-05
1.35,0.00015863,6.65E-10,0,0.01,-0.2,1.5863E-05,6.65E-11,0.000142849999999999,1.42850000000001E-05
1.36,0.000160041,1.659E-09,0,0.01,-0.2,1.60041E-05,1.659E-10,0.00014295,1.4295E-05
1.37,0.000161489,-1.43E-10,0,0.01,-0.2,1.61489E-05,-1.43E-11,0.0001404,1.40399999999999E-05
1.38,0.000162849,-2.43E-10,0,0.01,-0.2,1.62849E-05,-2.43E-11,0.00013885,1.38849999999999E-05
1.39,0.000164266,-1.71E-10,0,0.01,-0.2,1.64266E-05,-1.71E-11,0.0001379,1.37899999999999E-05
1.4,0.000165607,-1.231E-09,0,0.01,-0.2,1.65607E-05,-1.231E-10,0.000135449999999999,1.35449999999999E-05
1.41,0.000166975,1.2E-10,0,0.01,-0.2,1.66975E-05,1.2E-11,0.0001361,1.36100000000002E-05
1.42,0.000168329,6.64E-10,0,0.01,-0.2,1.68329E-05,6.64E-11,0.00013285,1.32850000000001E-05
1.43,0.000169632,1.805E-09,0,0.01,-0.2,1.69632E-05,1.805E-10,0.000130799999999999,1.30799999999999E-05
1.44,0.000170945,-1.72E-10,0,0.01,-0.2,1.70945E-05,-1.72E-11,0.0001305,1.305E-05
1.45,0.000172242,-1E-10,0,0.01,-0.2,1.72242E-05,-1E-11,0.000131400000000001,1.314E-05
1.46,0.000173573,-3.36E-10,0,0.01,-0.2,1.73573E-05,-3.36E-11,0.000131150000000001,1.31150000000001E-05
1.47,0.000174865,-1.404E-09,0,0.01,-0.2,1.74865E-05,-1.404E-10,0.00012715,1.27150000000001E-05
1.48,0.000176116,6.9E-11,0,0.01,-0.2,1.76116E-05,6.9E-12,0.000125899999999999,1.259E-05
1.49,0.000177383,4.81E-10,0,0.01,-0.2,1.77383E-05,4.81E-11,0.00012535,1.2535E-05
1.5,0.000178623,6.03E-10,0,0.01,-0.2,1.78623E-05,6.03E-11,0.00012395,1.23950000000001E-05
1.51,0.000179862,6.68E-10,0,0.01,-0.2,1.79862E-05,6.68E-11,0.0001211,1.21099999999998E-05
1.52,0.000181045,1.638E-09,0,0.01,-0.2,1.81045E-05,1.638E-10,0.000120200000000001,1.20199999999999E-05
1.53,0.000182266,-5E-11,0,0.01,-0.2,1.82266E-05,-5E-12,0.000120199999999999,1.20200000000001E-05
1.54,0.000183449,-1.58E-10,0,0.01,-0.2,1.83449E-05,-1.58E-11,0.000117249999999999,1.17249999999999E-05
1.55,0.000184611,-2.34E-10,0,0.01,-0.2,1.84611E-05,-2.34E-11,0.000117300000000001,1.173E-05
1.56,0.000185795,-2.77E-10,0,0.01,-0.2,1.85795E-05,-2.77E-11,0.00011725,1.17249999999999E-05
1.57,0.000186956,-1.175E-09,0,0.01,-0.2,1.86956E-05,-1.175E-10,0.000115299999999999,1.153E-05
1.58,0.000188101,1.4E-11,0,0.01,-0.2,1.88101E-05,1.4E-12,0.000114950000000001,1.14950000000001E-05
1.59,0.000189255,6.64E-10,0,0.01,-0.2,1.89255E-05,6.64E-11,0.000114100000000001,1.14100000000001E-05
1.6,0.000190383,1.72E-09,0,0.01,-0.2,1.90383E-05,1.72E-10,0.000112,1.12E-05
1.61,0.000191495,-1.66E-10,0,0.01,-0.2,1.91495E-05,-1.66E-11,0.000110099999999999,1.10099999999999E-05
1.62,0.000192585,-1.85E-10,0,0.01,-0.2,1.92585E-05,-1.85E-11,0.00010965,1.0965E-05
1.63,0.000193688,-2.49E-10,0,0.01,-0.2,1.93688E-05,-2.49E-11,0.000107500000000001,1.075E-05
1.64,0.000194735,-1.28E-10,0,0.01,-0.2,1.94735E-05,-1.28E-11,0.000104549999999999,1.04549999999999E-05
1.65,0.000195779,-1.167E-09,0,0.01,-0.2,1.95779E-05,-1.167E-10,0.000105,1.05000000000001E-05
1.66,0.000196835,8.5E-11,0,0.01,-0.2,1.96835E-05,8.5E-12,0.0001046,1.04600000000001E-05
1.67,0.000197871,6.92E-10,0,0.01,-0.2,1.97871E-05,6.92E-11,0.000103399999999999,1.03399999999998E-05
1.68,0.000198903,1.583E-09,0,0.01,-0.2,1.98903E-05,1.583E-10,0.000102199999999999,1.02199999999999E-05
1.69,0.000199915,-8.5E-11,0,0.01,-0.2,1.99915E-05,-8.5E-12,9.95500000000007E-05,9.95500000000014E-06
1.7,0.000200894,-2.45E-10,0,0.01,-0.2,2.00894E-05,-2.45E-11,9.95500000000007E-05,9.95500000000014E-06
1.71,0.000201906,-2.54E-10,0,0.01,-0.2,2.01906E-05,-2.54E-11,9.88500000000002E-05,9.88499999999992E-06
1.72,0.000202871,-2.65E-10,0,0.01,-0.2,2.02871E-05,-2.65E-11,9.69000000000007E-05,9.69E-06
1.73,0.000203844,-1.332E-09,0,0.01,-0.2,2.03844E-05,-1.332E-10,9.76500000000006E-05,9.76500000000006E-06
1.74,0.000204824,3.6E-11,0,0.01,-0.2,2.04824E-05,3.6E-12,9.37000000000007E-05,9.37000000000004E-06
1.75,0.000205718,6.49E-10,0,0.01,-0.2,2.05718E-05,6.49E-11,9.22499999999996E-05,9.22499999999989E-06
1.76,0.000206669,1.814E-09,0,0.01,-0.2,2.06669E-05,1.814E-10,9.41999999999991E-05,9.41999999999998E-06
1.77,0.000207602,-9.7E-11,0,0.01,-0.2,2.07602E-05,-9.7E-12,9.37500000000002E-05,9.37500000000005E-06
1.78,0.000208544,-7.5E-11,0,0.01,-0.2,2.08544E-05,-7.5E-12,9.13999999999998E-05,9.13999999999987E-06
1.79,0.00020943,7.3E-11,0,0.01,-0.2,2.0943E-05,7.3E-12,9.11499999999999E-05,9.11499999999999E-06
1.8,0.000210367,-1.27E-10,0,0.01,-0.2,2.10367E-05,-1.27E-11,9.37000000000007E-05,9.37000000000021E-06
0,2.132E-11,-5.21E-10,0,0.01,-0.3,2.132E-12,-5.21E-11,1.12E-10,1.12E-11
0.01,2.244E-11,-1.4E-10,0,0.01,-0.3,2.244E-12,-1.4E-11,2.155E-10,2.155E-11
0.02,2.563E-11,-5E-12,0,0.01,-0.3,2.563E-12,-5E-13,2.35E-10,2.35E-11
0.03,2.714E-11,-1.41E-10,0,0.01,-0.3,2.714E-12,-1.41E-11,3.12E-10,3.12E-11
0.04,3.187E-11,4E-11,0,0.01,-0.3,3.187E-12,4E-12,4.21E-10,4.21E-11
0.05,3.556E-11,-2.23E-10,0,0.01,-0.3,3.556E-12,-2.23E-11,5.81E-10,5.81E-11
0.06,4.349E-11,9E-12,0,0.01,-0.3,4.349E-12,9E-13,8.27E-10,8.27E-11
0.07,5.21E-11,-1.42E-10,0,0.01,-0.3,5.21E-12,-1.42E-11,1.113E-09,1.113E-10
0.08,6.575E-11,5.2E-11,0,0.01,-0.3,6.575E-12,5.2E-12,1.5295E-09,1.5295E-10
0.09,8.269E-11,-1.96E-10,0,0.01,-0.3,8.269E-12,-1.96E-11,2.176E-09,2.176E-10
0.1,1.0927E-10,8.8E-11,0,0.01,-0.3,1.0927E-11,8.8E-12,2.9895E-09,2.9895E-10
0.11,1.4248E-10,-1.55E-10,0,0.01,-0.3,1.4248E-11,-1.55E-11,4.1595E-09,4.1595E-10
0.12,1.9246E-10,4.5E-11,0,0.01,-0.3,1.9246E-11,4.5E-12,5.768E-09,5.768E-10
0.13,2.5784E-10,-5.2E-11,0,0.01,-0.3,2.5784E-11,-5.2E-12,7.6645E-09,7.6645E-10
0.14,3.4575E-10,2.02E-10,0,0.01,-0.3,3.4575E-11,2.02E-11,1.0818E-08,1.0818E-09
0.15,4.742E-10,9E-11,0,0.01,-0.3,4.742E-11,9E-12,1.49315E-08,1.49315E-09
0.16,6.4438E-10,-3.24E-10,0,0.01,-0.3,6.4438E-11,-3.24E-11,2.0675E-08,2.0675E-09
0.17,8.877E-10,1.25E-10,0,0.01,-0.3,8.877E-11,1.25E-11,2.74495E-08,2.74495E-09
0.18,1.19337E-09,1.016E-09,0,0.01,-0.3,1.19337E-10,1.016E-10,3.9193E-08,3.9193E-09
0.19,1.67156E-09,-3.78E-10,0,0.01,-0.3,1.67156E-10,-3.78E-11,5.3235E-08,5.3235E-09
0.2,2.25807E-09,4.24E-10,0,0.01,-0.3,2.25807E-10,4.24E-11,7.41714999999999E-08,7.41714999999999E-09
0.21,3.15499E-09,-2.37E-10,0,0.01,-0.3,3.15499E-10,-2.37E-11,1.0503E-07,1.0503E-08
0.22,4.35867E-09,-2.31E-10,0,0.01,-0.3,4.35867E-10,-2.31E-11,1.426845E-07,1.426845E-08
0.23,6.00868E-09,-1.22E-10,0,0.01,-0.3,6.00868E-10,-1.22E-11,2.060565E-07,2.060565E-08
0.24,8.4798E-09,1.31E-10,0,0.01,-0.3,8.4798E-10,1.31E-11,2.81091E-07,2.81091E-08
0.25,1.16305E-08,9.96E-10,0,0.01,-0.3,1.16305E-09,9.96E-11,3.71825E-07,3.71825E-08
0.26,1.59163E-08,-3.84E-10,0,0.01,-0.3,1.59163E-09,-3.84E-11,5.37029999999999E-07,5.37029999999999E-08
0.27,2.23711E-08,8.82E-10,0,0.01,-0.3,2.23711E-09,8.82E-11,7.12909999999999E-07,7.12909999999999E-08
0.28,3.01745E-08,-5.07E-10,0,0.01,-0.3,3.01745E-09,-5.07E-11,9.80524999999999E-07,9.80524999999999E-08
0.29,4.19816E-08,9.04E-10,0,0.01,-0.3,4.19816E-09,9.04E-11,1.355075E-06,1.355075E-07
0.3,5.7276E-08,-4.71E-10,0,0.01,-0.3,5.7276E-09,-4.71E-11,1.844755E-06,1.844755E-07
0.31,7.88767E-08,9.45E-10,0,0.01,-0.3,7.88767E-09,9.45E-11,2.51174E-06,2.51174E-07
0.32,1.075108E-07,-1.79E-10,0,0.01,-0.3,1.075108E-08,-1.79E-11,3.304365E-06,3.304365E-07
0.33,1.44964E-07,3.09E-10,0,0.01,-0.3,1.44964E-08,3.09E-11,4.35261E-06,4.35261E-07
0.34,1.94563E-07,1.256E-09,0,0.01,-0.3,1.94563E-08,1.256E-10,5.81074999999999E-06,5.81074999999999E-07
0.35,2.61179E-07,-1.72E-10,0,0.01,-0.3,2.61179E-08,-1.72E-11,7.72839999999999E-06,7.72839999999999E-07
0.36,3.49131E-07,-4.63E-10,0,0.01,-0.3,3.49131E-08,-4.63E-11,1.01109E-05,1.01109E-06
0.37,4.63397E-07,1.022E-09,0,0.01,-0.3,4.63397E-08,1.022E-10,1.31551E-05,1.31551E-06
0.38,6.12233E-07,-5.3E-10,0,0.01,-0.3,6.12233E-08,-5.3E-11,1.654735E-05,1.654735E-06
0.39,7.94344E-07,6.3E-11,0,0.01,-0.3,7.94344E-08,6.3E-12,2.087385E-05,2.087385E-06
0.4,1.02971E-06,-3.36E-10,0,0.01,-0.3,1.02971E-07,-3.36E-11,2.61628E-05,2.61628E-06
0.41,1.3176E-06,-1.518E-09,0,0.01,-0.3,1.3176E-07,-1.518E-10,3.1445E-05,3.1445E-06
0.42,1.65861E-06,3.5E-11,0,0.01,-0.3,1.65861E-07,3.5E-12,3.75185000000001E-05,3.75185000000001E-06
0.43,2.06797E-06,1.006E-09,0,0.01,-0.3,2.06797E-07,1.006E-10,4.47035000000001E-05,4.47035000000001E-06
0.44,2.55268E-06,-4.92E-10,0,0.01,-0.3,2.55268E-07,-4.92E-11,5.26795E-05,5.26795E-06
0.45,3.12156E-06,9.82E-10,0,0.01,-0.3,3.12156E-07,9.82E-11,6.01994999999999E-05,6.01995E-06
0.46,3.75667E-06,-4.83E-10,0,0.01,-0.3,3.75667E-07,-4.83E-11,6.8756E-05,6.87559999999999E-06
0.47,4.49668E-06,1.079E-09,0,0.01,-0.3,4.49668E-07,1.079E-10,7.83399999999999E-05,7.83399999999999E-06
0.48,5.32347E-06,-6.97E-10,0,0.01,-0.3,5.32347E-07,-6.97E-11,8.55734999999999E-05,8.55734999999999E-06
0.49,6.20815E-06,-5.04E-10,0,0.01,-0.3,6.20815E-07,-5.04E-11,9.42790000000002E-05,9.42790000000002E-06
0.5,7.20905E-06,-1.34E-10,0,0.01,-0.3,7.20905E-07,-1.34E-11,0.000103729,1.03729E-05
0.51,8.28273E-06,-3.1E-10,0,0.01,-0.3,8.28273E-07,-3.1E-11,0.0001112155,1.112155E-05
0.52,9.43336E-06,-1.92E-10,0,0.01,-0.3,9.43336E-07,-1.92E-11,0.0001184885,1.184885E-05
0.53,1.06525E-05,-2.11E-10,0,0.01,-0.3,1.06525E-06,-2.11E-11,0.000125817,1.25817E-05
0.54,1.19497E-05,-6E-10,0,0.01,-0.3,1.19497E-06,-6E-11,0.000133335,1.33335E-05
0.55,1.33192E-05,1.098E-09,0,0.01,-0.3,1.33192E-06,1.098E-10,0.000139625,1.39625E-05
0.56,1.47422E-05,-5.32E-10,0,0.01,-0.3,1.47422E-06,-5.32E-11,0.000146575,1.46575E-05
0.57,1.62507E-05,1.072E-09,0,0.01,-0.3,1.62507E-06,1.072E-10,0.000151735,1.51735E-05
0.58,1.77769E-05,-6.78E-10,0,0.01,-0.3,1.77769E-06,-6.78E-11,0.00015655,1.5655E-05
0.59,1.93817E-05,1.766E-09,0,0.01,-0.3,1.93817E-06,1.766E-10,0.000162060000000001,1.62060000000001E-05
0.6,2.10181E-05,-1E-10,0,0.01,-0.3,2.10181E-06,-1E-11,0.000166230000000001,1.66230000000001E-05
0.61,2.27063E-05,-5.08E-10,0,0.01,-0.3,2.27063E-06,-5.08E-11,0.0001705,1.705E-05
0.62,2.44281E-05,8.34E-10,0,0.01,-0.3,2.44281E-06,8.34E-11,0.000173985,1.73985E-05
0.63,2.6186E-05,-9.9E-11,0,0.01,-0.3,2.6186E-06,-9.9E-12,0.000177265,1.77265E-05
0.64,2.79734E-05,-3.27E-10,0,0.01,-0.3,2.79734E-06,-3.27E-11,0.000179435,1.79435E-05
0.65,2.97747E-05,-1.555E-09,0,0.01,-0.3,2.97747E-06,-1.555E-10,0.00018296,1.8296E-05
0.66,3.16326E-05,2.24E-10,0,0.01,-0.3,3.16326E-06,2.24E-11,0.000186115,1.86115E-05
0.67,3.3497E-05,7.84E-10,0,0.01,-0.3,3.3497E-06,7.84E-11,0.000187575,1.87575E-05
0.68,3.53841E-05,-3.91E-10,0,0.01,-0.3,3.53841E-06,-3.91E-11,0.00018906,1.8906E-05
0.69,3.72782E-05,4.89E-10,0,0.01,-0.3,3.72782E-06,4.89E-11,0.000189975,1.89975E-05
0.7,3.91836E-05,-2.7E-10,0,0.01,-0.3,3.91836E-06,-2.7E-11,0.00019306,1.9306E-05
0.71,4.11394E-05,-7.25E-10,0,0.01,-0.3,4.11394E-06,-7.25E-11,0.000194665,1.94665E-05
0.72,4.30769E-05,2.52E-10,0,0.01,-0.3,4.30769E-06,2.52E-11,0.000193300000000001,1.93300000000001E-05
0.73,4.50054E-05,1.765E-09,0,0.01,-0.3,4.50054E-06,1.765E-10,0.000195790000000001,1.95790000000001E-05
0.74,4.69927E-05,-1.48E-10,0,0.01,-0.3,4.69927E-06,-1.48E-11,0.00019738,1.9738E-05
0.75,4.8953E-05,-2.12E-10,0,0.01,-0.3,4.8953E-06,-2.12E-11,0.000196355,1.96355E-05
0.76,5.09198E-05,-3E-10,0,0.01,-0.3,5.09198E-06,-3E-11,0.000196525,1.96525E-05
0.77,5.28835E-05,-3.96E-10,0,0.01,-0.3,5.28835E-06,-3.96E-11,0.000197485,1.97485E-05
0.78,5.48695E-05,9.46E-10,0,0.01,-0.3,5.48695E-06,9.46E-11,0.000198045,1.98045E-05
0.79,5.68444E-05,-5.25E-10,0,0.01,-0.3,5.68444E-06,-5.25E-11,0.000197295,1.97295E-05
0.8,5.88154E-05,1.038E-09,0,0.01,-0.3,5.88154E-06,1.038E-10,0.000199695,1.99695E-05
0.81,6.08383E-05,-5.22E-10,0,0.01,-0.3,6.08383E-06,-5.22E-11,0.00019751,1.9751E-05
0.82,6.27656E-05,8.76E-10,0,0.01,-0.3,6.27656E-06,8.76E-11,0.000196555,1.96555E-05
0.83,6.47694E-05,-5.14E-10,0,0.01,-0.3,6.47694E-06,-5.14E-11,0.0001981,1.98099999999999E-05
0.84,6.67276E-05,8.98E-10,0,0.01,-0.3,6.67276E-06,8.98E-11,0.000198185,1.98184999999999E-05
0.85,6.87331E-05,5.3E-11,0,0.01,-0.3,6.87331E-06,5.3E-12,0.000198400000000001,1.98400000000001E-05
0.86,7.06956E-05,-2.22E-10,0,0.01,-0.3,7.06956E-06,-2.22E-11,0.000196160000000001,1.96160000000001E-05
0.87,7.26563E-05,-5.08E-10,0,0.01,-0.3,7.26563E-06,-5.08E-11,0.00019587,1.9587E-05
0.88,7.4613E-05,9.74E-10,0,0.01,-0.3,7.4613E-06,9.74E-11,0.000196175,1.96175E-05
0.89,7.65798E-05,-5.42E-10,0,0.01,-0.3,7.65798E-06,-5.42E-11,0.00019572,1.9572E-05
0.9,7.85274E-05,9.94E-10,0,0.01,-0.3,7.85274E-06,9.94E-11,0.000195245,1.95245E-05
0.91,8.04847E-05,-6.42E-10,0,0.01,-0.3,8.04847E-06,-6.42E-11,0.00019423,1.94229999999999E-05
0.92,8.2412E-05,1.745E-09,0,0.01,-0.3,8.2412E-06,1.745E-10,0.000191955,1.91955E-05
0.93,8.43238E-05,-1.11E-10,0,0.01,-0.3,8.43238E-06,-1.11E-11,0.0001922,1.922E-05
0.94,8.6256E-05,-2.85E-10,0,0.01,-0.3,8.6256E-06,-2.85E-11,0.000193085,1.93085E-05
0.95,8.81855E-05,8.09E-10,0,0.01,-0.3,8.81855E-06,8.09E-11,0.00019217,1.9217E-05
0.96,9.00994E-05,-1.65E-10,0,0.01,-0.3,9.00994E-06,-1.65E-11,0.000190415,1.90414999999999E-05
0.97,9.19938E-05,-2.95E-10,0,0.01,-0.3,9.19938E-06,-2.95E-11,0.000188075,1.88075E-05
0.98,9.38609E-05,-2.11E-10,0,0.01,-0.3,9.38609E-06,-2.11E-11,0.00018562,1.8562E-05
0.99,9.57062E-05,-5.08E-10,0,0.01,-0.3,9.57062E-06,-5.08E-11,0.000186935,1.86935000000001E-05
1,9.75996E-05,1.077E-09,0,0.01,-0.3,9.75996E-06,1.077E-10,0.000187910000000001,1.87910000000001E-05
1.01,9.94644E-05,-5.5E-10,0,0.01,-0.3,9.94644E-06,-5.5E-11,0.000184865,1.84865E-05
1.02,0.0001012969,1.013E-09,0,0.01,-0.3,1.012969E-05,1.013E-10,0.000183975,1.83974999999999E-05
1.03,0.0001031439,-4.13E-10,0,0.01,-0.3,1.031439E-05,-4.13E-11,0.000191305,1.91305E-05
1.04,0.000105123,-1.473E-09,0,0.01,-0.3,1.05123E-05,-1.473E-10,0.000189555,1.89555000000001E-05
1.05,0.000106935,1.58E-10,0,0.01,-0.3,1.06935E-05,1.58E-11,0.00018115,1.8115E-05
1.06,0.000108746,9.05E-10,0,0.01,-0.3,1.08746E-05,9.05E-11,0.00017985,1.79849999999999E-05
1.07,0.000110532,-4.35E-10,0,0.01,-0.3,1.10532E-05,-4.35E-11,0.00017855,1.7855E-05
1.08,0.000112317,9.5E-10,0,0.01,-0.3,1.12317E-05,9.5E-11,0.0001779,1.77899999999999E-05
1.09,0.00011409,-3.59E-10,0,0.01,-0.3,1.1409E-05,-3.59E-11,0.00017615,1.7615E-05
1.1,0.00011584,9.06E-10,0,0.01,-0.3,1.1584E-05,9.06E-11,0.00017405,1.7405E-05
1.11,0.000117571,-4.45E-10,0,0.01,-0.3,1.17571E-05,-4.45E-11,0.0001744,1.744E-05
1.12,0.000119328,1.042E-09,0,0.01,-0.3,1.19328E-05,1.042E-10,0.0001739,1.739E-05
1.13,0.000121049,-4.65E-10,0,0.01,-0.3,1.21049E-05,-4.65E-11,0.000171249999999999,1.71249999999998E-05
1.14,0.000122753,1.11E-09,0,0.01,-0.3,1.22753E-05,1.11E-10,0.000171199999999999,1.71199999999999E-05
1.15,0.000124473,-4.61E-10,0,0.01,-0.3,1.24473E-05,-4.61E-11,0.00017105,1.71050000000001E-05
1.16,0.000126174,1.055E-09,0,0.01,-0.3,1.26174E-05,1.055E-10,0.00016715,1.6715E-05
1.17,0.000127816,-6.04E-10,0,0.01,-0.3,1.27816E-05,-6.04E-11,0.0001659,1.659E-05
1.18,0.000129492,1.18E-10,0,0.01,-0.3,1.29492E-05,1.18E-11,0.000166550000000002,1.66550000000002E-05
1.19,0.000131147,9.5E-10,0,0.01,-0.3,1.31147E-05,9.5E-11,0.000164900000000001,1.64900000000002E-05
1.2,0.00013279,-4.86E-10,0,0.01,-0.3,1.3279E-05,-4.86E-11,0.000163000000000001,1.63E-05
1.21,0.000134407,9.46E-10,0,0.01,-0.3,1.34407E-05,9.46E-11,0.0001632,1.63199999999999E-05
1.22,0.000136054,-5.2E-10,0,0.01,-0.3,1.36054E-05,-5.2E-11,0.0001624,1.624E-05
1.23,0.000137655,9.69E-10,0,0.01,-0.3,1.37655E-05,9.69E-11,0.000157999999999999,1.58E-05
1.24,0.000139214,-6.14E-10,0,0.01,-0.3,1.39214E-05,-6.14E-11,0.000157299999999999,1.57299999999999E-05
1.25,0.000140801,1.056E-09,0,0.01,-0.3,1.40801E-05,1.056E-10,0.000156800000000001,1.56800000000001E-05
1.26,0.00014235,-5.92E-10,0,0.01,-0.3,1.4235E-05,-5.92E-11,0.000154900000000001,1.54900000000002E-05
1.27,0.000143899,1.173E-09,0,0.01,-0.3,1.43899E-05,1.173E-10,0.000153599999999999,1.536E-05
1.28,0.000145422,-6.97E-10,0,0.01,-0.3,1.45422E-05,-6.97E-11,0.0001534,1.53399999999999E-05
1.29,0.000146967,1.773E-09,0,0.01,-0.3,1.46967E-05,1.773E-10,0.000153000000000001,1.53E-05
1.3,0.000148482,-8.5E-11,0,0.01,-0.3,1.48482E-05,-8.5E-12,0.000150749999999999,1.50749999999999E-05
1.31,0.000149982,-3.94E-10,0,0.01,-0.3,1.49982E-05,-3.94E-11,0.00014985,1.4985E-05
1.32,0.000151479,7.46E-10,0,0.01,-0.3,1.51479E-05,7.46E-11,0.00014735,1.47349999999999E-05
1.33,0.000152929,-2.54E-10,0,0.01,-0.3,1.52929E-05,-2.54E-11,0.00014685,1.46850000000001E-05
1.34,0.000154416,-3.51E-10,0,0.01,-0.3,1.54416E-05,-3.51E-11,0.00014705,1.4705E-05
1.35,0.00015587,-1.519E-09,0,0.01,-0.3,1.5587E-05,-1.519E-10,0.000143199999999999,1.43199999999999E-05
1.36,0.00015728,-1.2E-11,0,0.01,-0.3,1.5728E-05,-1.2E-12,0.00014235,1.4235E-05
1.37,0.000158717,8.2E-10,0,0.01,-0.3,1.58717E-05,8.2E-11,0.000142249999999999,1.4225E-05
1.38,0.000160125,-4.33E-10,0,0.01,-0.3,1.60125E-05,-4.33E-11,0.00013945,1.39450000000001E-05
1.39,0.000161506,9.83E-10,0,0.01,-0.3,1.61506E-05,9.83E-11,0.00013695,1.3695E-05
1.4,0.000162864,-5.26E-10,0,0.01,-0.3,1.62864E-05,-5.26E-11,0.00013675,1.36749999999998E-05
1.41,0.000164241,1.067E-09,0,0.01,-0.3,1.64241E-05,1.067E-10,0.00013645,1.36449999999999E-05
1.42,0.000165593,-4.7E-10,0,0.01,-0.3,1.65593E-05,-4.7E-11,0.00013435,1.3435E-05
1.43,0.000166928,9.86E-10,0,0.01,-0.3,1.66928E-05,9.86E-11,0.00013145,1.3145E-05
1.44,0.000168222,-4.32E-10,0,0.01,-0.3,1.68222E-05,-4.32E-11,0.00013215,1.32150000000002E-05
1.45,0.000169571,1.074E-09,0,0.01,-0.3,1.69571E-05,1.074E-10,0.00013215,1.3215E-05
1.46,0.000170865,-6.01E-10,0,0.01,-0.3,1.70865E-05,-6.01E-11,0.000131500000000001,1.315E-05
1.47,0.000172201,1.121E-09,0,0.01,-0.3,1.72201E-05,1.121E-10,0.00012835,1.28350000000002E-05
1.48,0.000173432,-5.25E-10,0,0.01,-0.3,1.73432E-05,-5.25E-11,0.00012525,1.25249999999998E-05
1.49,0.000174706,1.791E-09,0,0.01,-0.3,1.74706E-05,1.791E-10,0.000127350000000001,1.2735E-05
1.5,0.000175979,-1.18E-10,0,0.01,-0.3,1.75979E-05,-1.18E-11,0.000124850000000001,1.24850000000003E-05
1.51,0.000177203,-4.4E-10,0,0.01,-0.3,1.77203E-05,-4.4E-11,0.00012085,1.20850000000001E-05
1.52,0.000178396,9.05E-10,0,0.01,-0.3,1.78396E-05,9.05E-11,0.00012215,1.2215E-05
1.53,0.000179646,-2.03E-10,0,0.01,-0.3,1.79646E-05,-2.03E-11,0.00012395,1.23950000000001E-05
1.54,0.000180875,-2.75E-10,0,0.01,-0.3,1.80875E-05,-2.75E-11,0.00012195,1.2195E-05
1.55,0.000182085,-1.47E-09,0,0.01,-0.3,1.82085E-05,-1.47E-10,0.0001185,1.18499999999999E-05
1.56,0.000183245,5.7E-11,0,0.01,-0.3,1.83245E-05,5.7E-12,0.0001163,1.16300000000001E-05
1.57,0.000184411,8.52E-10,0,0.01,-0.3,1.84411E-05,8.52E-11,0.00011675,1.16749999999998E-05
1.58,0.00018558,-4.24E-10,0,0.01,-0.3,1.8558E-05,-4.24E-11,0.0001137,1.13699999999998E-05
1.59,0.000186685,9.62E-10,0,0.01,-0.3,1.86685E-05,9.62E-11,0.00011325,1.13250000000001E-05
1.6,0.000187845,-4.2E-10,0,0.01,-0.3,1.87845E-05,-4.2E-11,0.000113049999999999,1.1305E-05
1.61,0.000188946,9.75E-10,0,0.01,-0.3,1.88946E-05,9.75E-11,0.00011055,1.1055E-05
1.62,0.000190056,-5.25E-10,0,0.01,-0.3,1.90056E-05,-5.25E-11,0.00011055,1.1055E-05
1.63,0.000191157,1.045E-09,0,0.01,-0.3,1.91157E-05,1.045E-10,0.000107899999999999,1.07899999999999E-05
1.64,0.000192214,-5.23E-10,0,0.01,-0.3,1.92214E-05,-5.23E-11,0.000107049999999999,1.07049999999999E-05
1.65,0.000193298,1.128E-09,0,0.01,-0.3,1.93298E-05,1.128E-10,0.0001056,1.05600000000001E-05
1.66,0.000194326,-5.27E-10,0,0.01,-0.3,1.94326E-05,-5.27E-11,0.000108250000000001,1.08250000000002E-05
1.67,0.000195463,1.098E-09,0,0.01,-0.3,1.95463E-05,1.098E-10,0.00010715,1.07149999999998E-05
1.68,0.000196469,-6.47E-10,0,0.01,-0.3,1.96469E-05,-6.47E-11,0.0001002,1.00199999999998E-05
1.69,0.000197467,1.784E-09,0,0.01,-0.3,1.97467E-05,1.784E-10,0.00010095,1.00949999999999E-05
1.7,0.000198488,-1.27E-10,0,0.01,-0.3,1.98488E-05,-1.27E-11,0.000100899999999999,1.00899999999999E-05
1.71,0.000199485,1E-10,0,0.01,-0.3,1.99485E-05,1E-11,0.000101100000000002,1.01100000000002E-05
1.72,0.00020051,-4.23E-10,0,0.01,-0.3,2.0051E-05,-4.23E-11,9.9500000000001E-05,9.95000000000007E-06
1.73,0.000201475,-5.3E-10,0,0.01,-0.3,2.01475E-05,-5.3E-11,9.65000000000001E-05,9.64999999999998E-06
1.74,0.00020244,1.797E-09,0,0.01,-0.3,2.0244E-05,1.797E-10,9.43500000000001E-05,9.43500000000001E-06
1.75,0.000203362,-1.15E-10,0,0.01,-0.3,2.03362E-05,-1.15E-11,9.62999999999997E-05,9.62999999999993E-06
1.76,0.000204366,2.59E-10,0,0.01,-0.3,2.04366E-05,2.59E-11,9.615E-05,9.61500000000024E-06
1.77,0.000205285,1.492E-09,0,0.01,-0.3,2.05285E-05,1.492E-10,9.10000000000002E-05,9.10000000000012E-06
1.78,0.000206186,-2.86E-10,0,0.01,-0.3,2.06186E-05,-2.86E-11,9.37500000000002E-05,9.37499999999988E-06
1.79,0.00020716,-5.25E-10,0,0.01,-0.3,2.0716E-05,-5.25E-11,9.17499999999998E-05,9.17499999999995E-06
1.8,0.000208021,9.78E-10,0,0.01,-0.3,2.08021E-05,9.78E-11,8.61000000000003E-05,8.6099999999999E-06
0,2.07E-11,-1.645E-09,0,0.01,-0.4,2.07E-12,-1.645E-10,9.90000000000001E-11,9.90000000000003E-12
0.01,2.169E-11,4.23E-10,0,0.01,-0.4,2.169E-12,4.23E-11,2.8E-11,2.80000000000001E-12
0.02,2.126E-11,-3.9E-10,0,0.01,-0.4,2.126E-12,-3.9E-11,1.36E-10,1.36E-11
0.03,2.441E-11,2.82E-10,0,0.01,-0.4,2.441E-12,2.82E-11,1.775E-10,1.775E-11
0.04,2.481E-11,-1.68E-10,0,0.01,-0.4,2.481E-12,-1.68E-11,2.37E-10,2.37E-11
0.05,2.915E-11,2.3E-11,0,0.01,-0.4,2.915E-12,2.3E-12,3.315E-10,3.315E-11
0.06,3.144E-11,-1.28E-10,0,0.01,-0.4,3.144E-12,-1.28E-11,4.77E-10,4.77E-11
0.07,3.869E-11,3.7E-11,0,0.01,-0.4,3.869E-12,3.7E-12,6.145E-10,6.145E-11
0.08,4.373E-11,-2.1E-10,0,0.01,-0.4,4.373E-12,-2.1E-11,9E-10,9E-11
0.09,5.669E-11,7E-12,0,0.01,-0.4,5.669E-12,7E-13,1.2555E-09,1.2555E-10
0.1,6.884E-11,-1.79E-10,0,0.01,-0.4,6.884E-12,-1.79E-11,1.7155E-09,1.7155E-10
0.11,9.1E-11,4.5E-11,0,0.01,-0.4,9.1E-12,4.5E-12,2.3945E-09,2.3945E-10
0.12,1.1673E-10,-1.69E-10,0,0.01,-0.4,1.1673E-11,-1.69E-11,3.3395E-09,3.3395E-10
0.13,1.5779E-10,3.3E-11,0,0.01,-0.4,1.5779E-11,3.3E-12,4.529E-09,4.529E-10
0.14,2.0731E-10,-3.69E-10,0,0.01,-0.4,2.0731E-11,-3.69E-11,6.283E-09,6.283E-10
0.15,2.8345E-10,8.19E-10,0,0.01,-0.4,2.8345E-11,8.19E-11,8.859E-09,8.859E-10
0.16,3.8449E-10,2.18E-10,0,0.01,-0.4,3.8449E-11,2.18E-11,1.2148E-08,1.2148E-09
0.17,5.2641E-10,1.01E-10,0,0.01,-0.4,5.2641E-11,1.01E-11,1.6257E-08,1.6257E-09
0.18,7.0963E-10,4.94E-10,0,0.01,-0.4,7.0963E-11,4.94E-11,2.2985E-08,2.2985E-09
0.19,9.8611E-10,2.22E-10,0,0.01,-0.4,9.8611E-11,2.22E-11,3.2507E-08,3.2507E-09
0.2,1.35977E-09,8.28E-10,0,0.01,-0.4,1.35977E-10,8.28E-11,4.38665E-08,4.38665E-09
0.21,1.86344E-09,-1.08E-10,0,0.01,-0.4,1.86344E-10,-1.08E-11,6.2539E-08,6.2539E-09
0.22,2.61055E-09,-1.32E-10,0,0.01,-0.4,2.61055E-10,-1.32E-11,8.44930000000001E-08,8.4493E-09
0.23,3.5533E-09,-3.46E-10,0,0.01,-0.4,3.5533E-10,-3.46E-11,1.128575E-07,1.128575E-08
0.24,4.8677E-09,-4.66E-10,0,0.01,-0.4,4.8677E-10,-4.66E-11,1.59703E-07,1.59703E-08
0.25,6.74736E-09,-2.82E-10,0,0.01,-0.4,6.74736E-10,-2.82E-11,2.33395E-07,2.33395E-08
0.26,9.5356E-09,1.52E-10,0,0.01,-0.4,9.5356E-10,1.52E-11,3.19272E-07,3.19272E-08
0.27,1.31328E-08,8.04E-10,0,0.01,-0.4,1.31328E-09,8.04E-11,4.17195E-07,4.17195E-08
0.28,1.78795E-08,-8.43E-10,0,0.01,-0.4,1.78795E-09,-8.43E-11,5.88769999999999E-07,5.88769999999999E-08
0.29,2.49082E-08,9E-10,0,0.01,-0.4,2.49082E-09,9E-11,8.18970000000002E-07,8.18970000000001E-08
0.3,3.42589E-08,-6.67E-10,0,0.01,-0.4,3.42589E-09,-6.67E-11,1.09225E-06,1.09225E-07
0.31,4.67532E-08,9.4E-10,0,0.01,-0.4,4.67532E-09,9.4E-11,1.5056E-06,1.5056E-07
0.32,6.43709E-08,-3.23E-10,0,0.01,-0.4,6.43709E-09,-3.23E-11,2.041585E-06,2.041585E-07
0.33,8.75849E-08,3.19E-10,0,0.01,-0.4,8.75849E-09,3.19E-11,2.768055E-06,2.768055E-07
0.34,1.19732E-07,-7.4E-11,0,0.01,-0.4,1.19732E-08,-7.4E-12,3.791155E-06,3.791155E-07
0.35,1.63408E-07,3.73E-10,0,0.01,-0.4,1.63408E-08,3.73E-11,5.02299999999999E-06,5.02299999999999E-07
0.36,2.20192E-07,8.27E-10,0,0.01,-0.4,2.20192E-08,8.27E-11,6.67300000000001E-06,6.67300000000001E-07
0.37,2.96868E-07,-6.96E-10,0,0.01,-0.4,2.96868E-08,-6.96E-11,8.70410000000002E-06,8.70410000000002E-07
0.38,3.94274E-07,9.1E-10,0,0.01,-0.4,3.94274E-08,9.1E-11,1.11731E-05,1.11731E-06
0.39,5.2033E-07,-7.94E-10,0,0.01,-0.4,5.2033E-08,-7.94E-11,1.441425E-05,1.441425E-06
0.4,6.82559E-07,1.785E-09,0,0.01,-0.4,6.82559E-08,1.785E-10,1.83967E-05,1.83967E-06
0.41,8.88264E-07,-1.36E-10,0,0.01,-0.4,8.88264E-08,-1.36E-11,2.334705E-05,2.334705E-06
0.42,1.1495E-06,1.6E-10,0,0.01,-0.4,1.1495E-07,1.6E-11,2.87653000000001E-05,2.87653000000001E-06
0.43,1.46357E-06,7.53E-10,0,0.01,-0.4,1.46357E-07,7.53E-11,3.46710000000001E-05,3.4671E-06
0.44,1.84292E-06,-6.45E-10,0,0.01,-0.4,1.84292E-07,-6.45E-11,4.10635E-05,4.10635E-06
0.45,2.28484E-06,7.82E-10,0,0.01,-0.4,2.28484E-07,7.82E-11,4.8075E-05,4.8075E-06
0.46,2.80442E-06,-6.31E-10,0,0.01,-0.4,2.80442E-07,-6.31E-11,5.63825E-05,5.63824999999999E-06
0.47,3.41249E-06,8.25E-10,0,0.01,-0.4,3.41249E-07,8.25E-11,6.43894999999999E-05,6.43894999999999E-06
0.48,4.09221E-06,-6.16E-10,0,0.01,-0.4,4.09221E-07,-6.16E-11,7.20625E-05,7.20624999999999E-06
0.49,4.85374E-06,8.24E-10,0,0.01,-0.4,4.85374E-07,8.24E-11,8.19430000000002E-05,8.19430000000002E-06
0.5,5.73107E-06,-6.56E-10,0,0.01,-0.4,5.73107E-07,-6.56E-11,9.15865000000002E-05,9.15865000000002E-06
0.51,6.68547E-06,8.45E-10,0,0.01,-0.4,6.68547E-07,8.45E-11,9.85354999999999E-05,9.85354999999998E-06
0.52,7.70178E-06,-7.43E-10,0,0.01,-0.4,7.70178E-07,-7.43E-11,0.000106235,1.06235E-05
0.53,8.81017E-06,8.82E-10,0,0.01,-0.4,8.81017E-07,8.82E-11,0.0001150415,1.150415E-05
0.54,1.000261E-05,-4E-10,0,0.01,-0.4,1.000261E-06,-4E-11,0.0001232915,1.232915E-05
0.55,1.1276E-05,-3.96E-10,0,0.01,-0.4,1.1276E-06,-3.96E-11,0.0001289445,1.289445E-05
0.56,1.25815E-05,-7.91E-10,0,0.01,-0.4,1.25815E-06,-7.91E-11,0.00013596,1.3596E-05
0.57,1.39952E-05,2.22E-10,0,0.01,-0.4,1.39952E-06,2.22E-11,0.000143605,1.43605E-05
0.58,1.54536E-05,7.9E-10,0,0.01,-0.4,1.54536E-06,7.9E-11,0.00014698,1.4698E-05
0.59,1.69348E-05,-5.99E-10,0,0.01,-0.4,1.69348E-06,-5.99E-11,0.000153315000000001,1.53315000000001E-05
0.6,1.85199E-05,8.12E-10,0,0.01,-0.4,1.85199E-06,8.12E-11,0.000161730000000001,1.61730000000001E-05
0.61,2.01694E-05,-5.94E-10,0,0.01,-0.4,2.01694E-06,-5.94E-11,0.00016463,1.6463E-05
0.62,2.18125E-05,8.19E-10,0,0.01,-0.4,2.18125E-06,8.19E-11,0.000167385,1.67385E-05
0.63,2.35171E-05,-5.96E-10,0,0.01,-0.4,2.35171E-06,-5.96E-11,0.00017132,1.7132E-05
0.64,2.52389E-05,8.49E-10,0,0.01,-0.4,2.52389E-06,8.49E-11,0.000175005,1.75005E-05
0.65,2.70172E-05,-6.14E-10,0,0.01,-0.4,2.70172E-06,-6.14E-11,0.000179745,1.79745E-05
0.66,2.88338E-05,8.32E-10,0,0.01,-0.4,2.88338E-06,8.32E-11,0.000180795,1.80795E-05
0.67,3.06331E-05,-6.89E-10,0,0.01,-0.4,3.06331E-06,-6.89E-11,0.00018376,1.8376E-05
0.68,3.2509E-05,8.76E-10,0,0.01,-0.4,3.2509E-06,8.76E-11,0.0001866,1.866E-05
0.69,3.43651E-05,-8.23E-10,0,0.01,-0.4,3.43651E-06,-8.23E-11,0.000186985,1.86985E-05
0.7,3.62487E-05,1.752E-09,0,0.01,-0.4,3.62487E-06,1.752E-10,0.00019142,1.9142E-05
0.71,3.81935E-05,-1.36E-10,0,0.01,-0.4,3.81935E-06,-1.36E-11,0.000191925,1.91925E-05
0.72,4.00872E-05,-5.17E-10,0,0.01,-0.4,4.00872E-06,-5.17E-11,0.000191930000000001,1.91930000000001E-05
0.73,4.20321E-05,6.37E-10,0,0.01,-0.4,4.20321E-06,6.37E-11,0.000193320000000001,1.93320000000001E-05
0.74,4.39536E-05,-5.21E-10,0,0.01,-0.4,4.39536E-06,-5.21E-11,0.000193475,1.93475E-05
0.75,4.59016E-05,5.11E-10,0,0.01,-0.4,4.59016E-06,5.11E-11,0.00019659,1.9659E-05
0.76,4.78854E-05,4.57E-10,0,0.01,-0.4,4.78854E-06,4.57E-11,0.00019686,1.9686E-05
0.77,4.98388E-05,1.654E-09,0,0.01,-0.4,4.98388E-06,1.654E-10,0.00019528,1.9528E-05
0.78,5.1791E-05,-2.07E-10,0,0.01,-0.4,5.1791E-06,-2.07E-11,0.00019777,1.97769999999999E-05
0.79,5.37942E-05,-3.08E-10,0,0.01,-0.4,5.37942E-06,-3.08E-11,0.000198055,1.98055E-05
0.8,5.57521E-05,-3.89E-10,0,0.01,-0.4,5.57521E-06,-3.89E-11,0.00019718,1.9718E-05
0.81,5.77378E-05,-1.605E-09,0,0.01,-0.4,5.77378E-06,-1.605E-10,0.00019764,1.9764E-05
0.82,5.97049E-05,8E-11,0,0.01,-0.4,5.97049E-06,8E-12,0.00019766,1.9766E-05
0.83,6.1691E-05,7.45E-10,0,0.01,-0.4,6.1691E-06,7.45E-11,0.000197909999999999,1.9791E-05
0.84,6.36631E-05,-5.25E-10,0,0.01,-0.4,6.36631E-06,-5.25E-11,0.00019711,1.9711E-05
0.85,6.56332E-05,7.83E-10,0,0.01,-0.4,6.56332E-06,7.83E-11,0.000196895000000001,1.96895000000001E-05
0.86,6.7601E-05,-6.73E-10,0,0.01,-0.4,6.7601E-06,-6.73E-11,0.000196315000000001,1.96315E-05
0.87,6.95595E-05,8.65E-10,0,0.01,-0.4,6.95595E-06,8.65E-11,0.00019592,1.9592E-05
0.88,7.15194E-05,-8.35E-10,0,0.01,-0.4,7.15194E-06,-8.35E-11,0.000196255,1.96255000000001E-05
0.89,7.34846E-05,9.18E-10,0,0.01,-0.4,7.34846E-06,9.18E-11,0.000195445,1.95444999999999E-05
0.9,7.54283E-05,-7.77E-10,0,0.01,-0.4,7.54283E-06,-7.77E-11,0.00019682,1.9682E-05
0.91,7.7421E-05,9.27E-10,0,0.01,-0.4,7.7421E-06,9.27E-11,0.000195439999999999,1.9544E-05
0.92,7.93371E-05,-8.61E-10,0,0.01,-0.4,7.93371E-06,-8.61E-11,0.00019206,1.9206E-05
0.93,8.12622E-05,1.783E-09,0,0.01,-0.4,8.12622E-06,1.783E-10,0.000192145,1.92145E-05
0.94,8.318E-05,-8E-11,0,0.01,-0.4,8.318E-06,-8E-12,0.000191474999999999,1.91475E-05
0.95,8.50917E-05,-6.25E-10,0,0.01,-0.4,8.50917E-06,-6.25E-11,0.00019212,1.9212E-05
0.96,8.70224E-05,7.03E-10,0,0.01,-0.4,8.70224E-06,7.03E-11,0.0001921,1.92099999999999E-05
0.97,8.89337E-05,-3.54E-10,0,0.01,-0.4,8.89337E-06,-3.54E-11,0.000189879999999999,1.8988E-05
0.98,9.082E-05,-4.95E-10,0,0.01,-0.4,9.082E-06,-4.95E-11,0.000188635,1.88635000000001E-05
0.99,9.27064E-05,-2.4E-10,0,0.01,-0.4,9.27064E-06,-2.4E-11,0.000187040000000001,1.87040000000001E-05
1,9.45608E-05,-7.72E-10,0,0.01,-0.4,9.45608E-06,-7.72E-11,0.000186105000000001,1.86105E-05
1.01,9.64285E-05,9.7E-10,0,0.01,-0.4,9.64285E-06,9.7E-11,0.00018616,1.8616E-05
1.02,9.8284E-05,-7.52E-10,0,0.01,-0.4,9.8284E-06,-7.52E-11,0.000185325,1.85325E-05
1.03,0.000100135,9.74E-10,0,0.01,-0.4,1.00135E-05,9.74E-11,0.000185324999999999,1.85324999999999E-05
1.04,0.0001019905,-4.31E-10,0,0.01,-0.4,1.019905E-05,-4.31E-11,0.0001895,1.895E-05
1.05,0.000103925,-3.59E-10,0,0.01,-0.4,1.03925E-05,-3.59E-11,0.000187025,1.87025000000001E-05
1.06,0.000105731,-1.64E-09,0,0.01,-0.4,1.05731E-05,-1.64E-10,0.00018185,1.8185E-05
1.07,0.000107562,1.13E-10,0,0.01,-0.4,1.07562E-05,1.13E-11,0.000181,1.80999999999999E-05
1.08,0.000109351,7.14E-10,0,0.01,-0.4,1.09351E-05,7.14E-11,0.000177849999999999,1.7785E-05
1.09,0.000111119,-6.21E-10,0,0.01,-0.4,1.11119E-05,-6.21E-11,0.00017675,1.76749999999999E-05
1.1,0.000112886,9.05E-10,0,0.01,-0.4,1.12886E-05,9.05E-11,0.00017715,1.7715E-05
1.11,0.000114662,-7.09E-10,0,0.01,-0.4,1.14662E-05,-7.09E-11,0.0001748,1.74799999999999E-05
1.12,0.000116382,8.88E-10,0,0.01,-0.4,1.16382E-05,8.88E-11,0.0001728,1.72799999999999E-05
1.13,0.000118118,-8.52E-10,0,0.01,-0.4,1.18118E-05,-8.52E-11,0.00017275,1.72750000000001E-05
1.14,0.000119837,9.08E-10,0,0.01,-0.4,1.19837E-05,9.08E-11,0.00017035,1.7035E-05
1.15,0.000121525,-8.35E-10,0,0.01,-0.4,1.21525E-05,-8.35E-11,0.000170099999999999,1.70099999999999E-05
1.16,0.000123239,1.52E-10,0,0.01,-0.4,1.23239E-05,1.52E-11,0.0001687,1.687E-05
1.17,0.000124899,7.77E-10,0,0.01,-0.4,1.24899E-05,7.77E-11,0.0001682,1.68199999999999E-05
1.18,0.000126603,-6.14E-10,0,0.01,-0.4,1.26603E-05,-6.14E-11,0.000170100000000002,1.70100000000001E-05
1.19,0.000128301,8.49E-10,0,0.01,-0.4,1.28301E-05,8.49E-11,0.000166550000000002,1.66550000000002E-05
1.2,0.000129934,-6.88E-10,0,0.01,-0.4,1.29934E-05,-6.88E-11,0.00016535,1.6535E-05
1.21,0.000131608,9.35E-10,0,0.01,-0.4,1.31608E-05,9.35E-11,0.0001649,1.649E-05
1.22,0.000133232,-7.06E-10,0,0.01,-0.4,1.33232E-05,-7.06E-11,0.0001618,1.61800000000001E-05
1.23,0.000134844,8.51E-10,0,0.01,-0.4,1.34844E-05,8.51E-11,0.00016035,1.6035E-05
1.24,0.000136439,-7.72E-10,0,0.01,-0.4,1.36439E-05,-7.72E-11,0.000157999999999999,1.57999999999999E-05
1.25,0.000138004,9.81E-10,0,0.01,-0.4,1.38004E-05,9.81E-11,0.000159050000000001,1.59050000000001E-05
1.26,0.00013962,-7.77E-10,0,0.01,-0.4,1.3962E-05,-7.77E-11,0.000156100000000001,1.561E-05
1.27,0.000141126,3.64E-10,0,0.01,-0.4,1.41126E-05,3.64E-11,0.00015285,1.52849999999999E-05
1.28,0.000142677,1.751E-09,0,0.01,-0.4,1.42677E-05,1.751E-10,0.00015555,1.5555E-05
1.29,0.000144237,-1.3E-10,0,0.01,-0.4,1.44237E-05,-1.3E-11,0.00015355,1.5355E-05
1.3,0.000145748,-2.24E-10,0,0.01,-0.4,1.45748E-05,-2.24E-11,0.000152149999999999,1.5215E-05
1.31,0.00014728,-2.55E-10,0,0.01,-0.4,1.4728E-05,-2.55E-11,0.0001513,1.513E-05
1.32,0.000148774,-1.666E-09,0,0.01,-0.4,1.48774E-05,-1.666E-10,0.00014805,1.48050000000001E-05
1.33,0.000150241,1.81E-10,0,0.01,-0.4,1.50241E-05,1.81E-11,0.000146549999999999,1.46549999999999E-05
1.34,0.000151705,7.4E-10,0,0.01,-0.4,1.51705E-05,7.4E-11,0.00014575,1.45749999999999E-05
1.35,0.000153156,-3.94E-10,0,0.01,-0.4,1.53156E-05,-3.94E-11,0.000144750000000001,1.44750000000001E-05
1.36,0.0001546,-2.83E-10,0,0.01,-0.4,1.546E-05,-2.83E-11,0.000143949999999999,1.43949999999999E-05
1.37,0.000156035,-1.481E-09,0,0.01,-0.4,1.56035E-05,-1.481E-10,0.0001409,1.40899999999999E-05
1.38,0.000157418,1.69E-10,0,0.01,-0.4,1.57418E-05,1.69E-11,0.0001385,1.385E-05
1.39,0.000158805,8.64E-10,0,0.01,-0.4,1.58805E-05,8.64E-11,0.000140499999999999,1.405E-05
1.4,0.000160228,-7.13E-10,0,0.01,-0.4,1.60228E-05,-7.13E-11,0.000140600000000001,1.406E-05
1.41,0.000161617,9.15E-10,0,0.01,-0.4,1.61617E-05,9.15E-11,0.000138450000000001,1.3845E-05
1.42,0.000162997,-8.23E-10,0,0.01,-0.4,1.62997E-05,-8.23E-11,0.0001358,1.35799999999999E-05
1.43,0.000164333,8.19E-10,0,0.01,-0.4,1.64333E-05,8.19E-11,0.0001346,1.346E-05
1.44,0.000165689,-8.69E-10,0,0.01,-0.4,1.65689E-05,-8.69E-11,0.000134399999999999,1.344E-05
1.45,0.000167021,1.062E-09,0,0.01,-0.4,1.67021E-05,1.062E-10,0.000131600000000001,1.31600000000002E-05
1.46,0.000168321,-8.94E-10,0,0.01,-0.4,1.68321E-05,-8.94E-11,0.000130550000000002,1.30550000000003E-05
1.47,0.000169632,1.796E-09,0,0.01,-0.4,1.69632E-05,1.796E-10,0.00012975,1.29749999999998E-05
1.48,0.000170916,-1.03E-10,0,0.01,-0.4,1.70916E-05,-1.03E-11,0.00012775,1.2775E-05
1.49,0.000172187,-6.18E-10,0,0.01,-0.4,1.72187E-05,-6.18E-11,0.00012835,1.28350000000002E-05
1.5,0.000173483,5.35E-10,0,0.01,-0.4,1.73483E-05,5.35E-11,0.000126399999999999,1.26399999999998E-05
1.51,0.000174715,1.39E-10,0,0.01,-0.4,1.74715E-05,1.39E-11,0.000123899999999999,1.23899999999999E-05
1.52,0.000175961,1.598E-09,0,0.01,-0.4,1.75961E-05,1.598E-10,0.00012225,1.22250000000002E-05
1.53,0.00017716,-9.9E-11,0,0.01,-0.4,1.7716E-05,-9.9E-12,0.00011945,1.19449999999999E-05
1.54,0.00017835,-4.87E-10,0,0.01,-0.4,1.7835E-05,-4.87E-11,0.0001204,1.204E-05
1.55,0.000179568,3.12E-10,0,0.01,-0.4,1.79568E-05,3.12E-11,0.00012145,1.2145E-05
1.56,0.000180779,-3.47E-10,0,0.01,-0.4,1.80779E-05,-3.47E-11,0.00011855,1.18549999999999E-05
1.57,0.000181939,-1.748E-09,0,0.01,-0.4,1.81939E-05,-1.748E-10,0.000114350000000001,1.1435E-05
1.58,0.000183066,3.1E-11,0,0.01,-0.4,1.83066E-05,3.1E-12,0.00011455,1.1455E-05
1.59,0.00018423,7.64E-10,0,0.01,-0.4,1.8423E-05,7.64E-11,0.000115,1.15E-05
1.6,0.000185366,-3.52E-10,0,0.01,-0.4,1.85366E-05,-3.52E-11,0.0001137,1.137E-05
1.61,0.000186504,-3.22E-10,0,0.01,-0.4,1.86504E-05,-3.22E-11,0.000113149999999999,1.13149999999999E-05
1.62,0.000187629,-1.691E-09,0,0.01,-0.4,1.87629E-05,-1.691E-10,0.000110899999999999,1.10899999999999E-05
1.63,0.000188722,9E-11,0,0.01,-0.4,1.88722E-05,9E-12,0.000110750000000001,1.10750000000002E-05
1.64,0.000189844,8.85E-10,0,0.01,-0.4,1.89844E-05,8.85E-11,0.0001101,1.10099999999999E-05
1.65,0.000190924,-5.86E-10,0,0.01,-0.4,1.90924E-05,-5.86E-11,0.000107,1.06999999999999E-05
1.66,0.000191984,7.32E-10,0,0.01,-0.4,1.91984E-05,7.32E-11,0.0001051,1.051E-05
1.67,0.000193026,-5.69E-10,0,0.01,-0.4,1.93026E-05,-5.69E-11,0.00010475,1.04750000000001E-05
1.68,0.000194079,1.015E-09,0,0.01,-0.4,1.94079E-05,1.015E-10,0.00010295,1.0295E-05
1.69,0.000195085,-7.28E-10,0,0.01,-0.4,1.95085E-05,-7.28E-11,0.0001019,1.01899999999998E-05
1.7,0.000196117,8.83E-10,0,0.01,-0.4,1.96117E-05,8.83E-11,0.0001028,1.028E-05
1.71,0.000197141,-7.84E-10,0,0.01,-0.4,1.97141E-05,-7.84E-11,0.000100000000000001,1.00000000000002E-05
1.72,0.000198117,9.42E-10,0,0.01,-0.4,1.98117E-05,9.42E-11,9.86500000000012E-05,9.86500000000022E-06
1.73,0.000199114,-7.55E-10,0,0.01,-0.4,1.99114E-05,-7.55E-11,0.0001008,1.00800000000001E-05
1.74,0.000200133,1.814E-09,0,0.01,-0.4,2.00133E-05,1.814E-10,9.65499999999995E-05,9.65499999999982E-06
1.75,0.000201045,-3.6E-11,0,0.01,-0.4,2.01045E-05,-3.6E-12,9.42999999999993E-05,9.42999999999983E-06
1.76,0.000202019,-6.04E-10,0,0.01,-0.4,2.02019E-05,-6.04E-11,9.65000000000001E-05,9.65000000000014E-06
1.77,0.000202975,5.05E-10,0,0.01,-0.4,2.02975E-05,5.05E-11,9.50999999999997E-05,9.51000000000001E-06
1.78,0.000203921,1.51E-10,0,0.01,-0.4,2.03921E-05,1.51E-11,9.17999999999993E-05,9.17999999999979E-06
1.79,0.000204811,1.675E-09,0,0.01,-0.4,2.04811E-05,1.675E-10,9.21500000000007E-05,9.21500000000004E-06
1.8,0.000205764,-1.65E-10,0,0.01,-0.4,2.05764E-05,-1.65E-11,9.53000000000015E-05,9.53000000000022E-06
