Setup title,P-18-Id-Vg
Application test name,Id-Vg
Test date,3/23/2017
Test time,12:26:46
Device ID,
Vgate,Idrain,Isubs,Vsource,Vdrain,Vsubs,IdrainPerWg,IsubsPerWg,gm,gmPerWg
0,-1.47E-11,-1.2294E-09,0,-0.05,0,-1.47E-12,-1.2294E-10,-8.87E-10,-8.87E-11
-0.01,-5.83E-12,-1.2559E-09,0,-0.05,0,-5.83E-13,-1.2559E-10,-5.06E-10,-5.06E-11
-0.02,-4.58E-12,-1.1076E-09,0,-0.05,0,-4.58E-13,-1.1076E-10,-1.24E-10,-1.24E-11
-0.03,-3.35E-12,-1.2325E-09,0,-0.05,0,-3.35E-13,-1.2325E-10,-3.1E-11,-3.1E-12
-0.04,-3.96E-12,-9.2084E-10,0,-0.05,0,-3.96E-13,-9.2084E-11,1.5E-11,1.5E-12
-0.05,-3.65E-12,-1.01643E-09,0,-0.05,0,-3.65E-13,-1.01643E-10,-6.25E-11,-6.25E-12
-0.06,-2.71E-12,-1.3245E-09,0,-0.05,0,-2.71E-13,-1.3245E-10,-2.2E-11,-2.2E-12
-0.07,-3.21E-12,-1.0622E-09,0,-0.05,0,-3.21E-13,-1.0622E-10,-5.00000000000008E-13,-4.99999999999998E-14
-0.08,-2.7E-12,-1.0948E-09,0,-0.05,0,-2.7E-13,-1.0948E-10,-1.7E-11,-1.7E-12
-0.09,-2.87E-12,-1.3165E-09,0,-0.05,0,-2.87E-13,-1.3165E-10,-4.99999999999988E-13,-4.99999999999998E-14
-0.1,-2.69E-12,-1.155E-09,0,-0.05,0,-2.69E-13,-1.155E-10,1.99999999999999E-12,1.99999999999999E-13
-0.11,-2.91E-12,-1.1351E-09,0,-0.05,0,-2.91E-13,-1.1351E-10,8E-12,7.99999999999999E-13
-0.12,-2.85E-12,-1.2048E-09,0,-0.05,0,-2.85E-13,-1.2048E-10,2.1E-11,2.1E-12
-0.13,-3.33E-12,-1.1776E-09,0,-0.05,0,-3.33E-13,-1.1776E-10,1.75E-11,1.75E-12
-0.14,-3.2E-12,-1.3708E-09,0,-0.05,0,-3.2E-13,-1.3708E-10,-1.15E-11,-1.15E-12
-0.15,-3.1E-12,-1.3066E-09,0,-0.05,0,-3.1E-13,-1.3066E-10,1.75E-11,1.75E-12
-0.16,-3.55E-12,-1.1913E-09,0,-0.05,0,-3.55E-13,-1.1913E-10,9.04999999999999E-11,9.04999999999999E-12
-0.17,-4.91E-12,-1.1224E-09,0,-0.05,0,-4.91E-13,-1.1224E-10,1.005E-10,1.005E-11
-0.18,-5.56E-12,-1.3182E-09,0,-0.05,0,-5.56E-13,-1.3182E-10,7.50000000000001E-11,7.50000000000001E-12
-0.19,-6.41E-12,-1.1691E-09,0,-0.05,0,-6.41E-13,-1.1691E-10,1.505E-10,1.505E-11
-0.2,-8.57E-12,-1.3727E-09,0,-0.05,0,-8.57E-13,-1.3727E-10,2.38E-10,2.38E-11
-0.21,-1.117E-11,-1.0629E-09,0,-0.05,0,-1.117E-12,-1.0629E-10,2.835E-10,2.835E-11
-0.22,-1.424E-11,-1.0172E-09,0,-0.05,0,-1.424E-12,-1.0172E-10,3.85E-10,3.85E-11
-0.23,-1.887E-11,-1.1733E-09,0,-0.05,0,-1.887E-12,-1.1733E-10,5.495E-10,5.49499999999999E-11
-0.24,-2.523E-11,-1.2636E-09,0,-0.05,0,-2.523E-12,-1.2636E-10,7.15500000000001E-10,7.15500000000001E-11
-0.25,-3.318E-11,-1.1631E-09,0,-0.05,0,-3.318E-12,-1.1631E-10,1.0215E-09,1.0215E-10
-0.26,-4.566E-11,-1.0279E-09,0,-0.05,0,-4.566E-12,-1.0279E-10,1.3375E-09,1.3375E-10
-0.27,-5.993E-11,-1.2885E-09,0,-0.05,0,-5.993E-12,-1.2885E-10,1.78E-09,1.78E-10
-0.28,-8.126E-11,-1.2131E-09,0,-0.05,0,-8.126E-12,-1.2131E-10,2.4495E-09,2.4495E-10
-0.29,-1.0892E-10,-1.248E-09,0,-0.05,0,-1.0892E-11,-1.248E-10,3.22500000000001E-09,3.225E-10
-0.3,-1.4576E-10,-1.2269E-09,0,-0.05,0,-1.4576E-11,-1.2269E-10,4.22100000000001E-09,4.22100000000001E-10
-0.31,-1.9334E-10,-1.18E-09,0,-0.05,0,-1.9334E-11,-1.18E-10,5.431E-09,5.431E-10
-0.32,-2.5438E-10,-1.2318E-09,0,-0.05,0,-2.5438E-11,-1.2318E-10,7.02349999999999E-09,7.02349999999999E-10
-0.33,-3.3381E-10,-1.2057E-09,0,-0.05,0,-3.3381E-11,-1.2057E-10,8.95649999999999E-09,8.95649999999999E-10
-0.34,-4.3351E-10,-1.1155E-09,0,-0.05,0,-4.3351E-11,-1.1155E-10,1.12135E-08,1.12135E-09
-0.35,-5.5808E-10,-8.9581E-10,0,-0.05,0,-5.5808E-11,-8.9581E-11,1.3844E-08,1.3844E-09
-0.36,-7.1039E-10,-1.1865E-09,0,-0.05,0,-7.1039E-11,-1.1865E-10,1.63415E-08,1.63415E-09
-0.37,-8.8491E-10,-1.2924E-09,0,-0.05,0,-8.8491E-11,-1.2924E-10,2.02045E-08,2.02045E-09
-0.38,-1.11448E-09,-1.129E-09,0,-0.05,0,-1.11448E-10,-1.129E-10,2.4363E-08,2.4363E-09
-0.39,-1.37217E-09,-1.1114E-09,0,-0.05,0,-1.37217E-10,-1.1114E-10,2.7785E-08,2.7785E-09
-0.4,-1.67018E-09,-1.2168E-09,0,-0.05,0,-1.67018E-10,-1.2168E-10,3.0919E-08,3.0919E-09
-0.41,-1.99055E-09,-1.1906E-09,0,-0.05,0,-1.99055E-10,-1.1906E-10,3.60345E-08,3.60345E-09
-0.42,-2.39087E-09,-1.3117E-09,0,-0.05,0,-2.39087E-10,-1.3117E-10,4.09940000000001E-08,4.09940000000001E-09
-0.43,-2.81043E-09,-1.193E-09,0,-0.05,0,-2.81043E-10,-1.193E-10,4.28630000000001E-08,4.28630000000001E-09
-0.44,-3.24813E-09,-1.1303E-09,0,-0.05,0,-3.24813E-10,-1.1303E-10,4.83344999999999E-08,4.83344999999999E-09
-0.45,-3.77712E-09,-1.2517E-09,0,-0.05,0,-3.77712E-10,-1.2517E-10,5.34849999999999E-08,5.34849999999999E-09
-0.46,-4.31783E-09,-9.879E-10,0,-0.05,0,-4.31783E-10,-9.879E-11,5.42735E-08,5.42735E-09
-0.47,-4.86259E-09,-1.2136E-09,0,-0.05,0,-4.86259E-10,-1.2136E-10,5.94485E-08,5.94485E-09
-0.48,-5.5068E-09,-1.1983E-09,0,-0.05,0,-5.5068E-10,-1.1983E-10,6.40064999999999E-08,6.40064999999999E-09
-0.49,-6.14272E-09,-1.1644E-09,0,-0.05,0,-6.14272E-10,-1.1644E-10,6.37030000000001E-08,6.37030000000001E-09
-0.5,-6.78086E-09,-1.3008E-09,0,-0.05,0,-6.78086E-10,-1.3008E-10,6.75590000000001E-08,6.75590000000001E-09
-0.51,-7.4939E-09,-1.2256E-09,0,-0.05,0,-7.4939E-10,-1.2256E-10,7.22119999999999E-08,7.22119999999999E-09
-0.52,-8.2251E-09,-1.261E-09,0,-0.05,0,-8.2251E-10,-1.261E-10,7.3185E-08,7.31849999999999E-09
-0.53,-8.9576E-09,-1.147E-09,0,-0.05,0,-8.9576E-10,-1.147E-10,7.46349999999999E-08,7.46349999999998E-09
-0.54,-9.7178E-09,-1.2293E-09,0,-0.05,0,-9.7178E-10,-1.2293E-10,7.69299999999999E-08,7.69299999999999E-09
-0.55,-1.04962E-08,-1.2601E-09,0,-0.05,0,-1.04962E-09,-1.2601E-10,7.88199999999999E-08,7.882E-09
-0.56,-1.12942E-08,-1.0443E-09,0,-0.05,0,-1.12942E-09,-1.0443E-10,8.01049999999999E-08,8.01049999999998E-09
-0.57,-1.20983E-08,-1.2526E-09,0,-0.05,0,-1.20983E-09,-1.2526E-10,8.11899999999999E-08,8.11899999999999E-09
-0.58,-1.2918E-08,-1.2053E-09,0,-0.05,0,-1.2918E-09,-1.2053E-10,8.2305E-08,8.2305E-09
-0.59,-1.37444E-08,-1.1964E-09,0,-0.05,0,-1.37444E-09,-1.1964E-10,8.34250000000004E-08,8.34250000000003E-09
-0.6,-1.45865E-08,-1.1766E-09,0,-0.05,0,-1.45865E-09,-1.1766E-10,8.41250000000003E-08,8.41250000000003E-09
-0.61,-1.54269E-08,-1.02659E-09,0,-0.05,0,-1.54269E-09,-1.02659E-10,8.4885E-08,8.48849999999999E-09
-0.62,-1.62842E-08,-1.1269E-09,0,-0.05,0,-1.62842E-09,-1.1269E-10,8.59649999999999E-08,8.5965E-09
-0.63,-1.71462E-08,-1.1058E-09,0,-0.05,0,-1.71462E-09,-1.1058E-10,8.71199999999998E-08,8.71199999999999E-09
-0.64,-1.80266E-08,-1.1991E-09,0,-0.05,0,-1.80266E-09,-1.1991E-10,8.77849999999999E-08,8.77849999999997E-09
-0.65,-1.89019E-08,-1.2375E-09,0,-0.05,0,-1.89019E-09,-1.2375E-10,8.759E-08,8.759E-09
-0.66,-1.97784E-08,-1.1797E-09,0,-0.05,0,-1.97784E-09,-1.1797E-10,8.81149999999999E-08,8.81149999999999E-09
-0.67,-2.06642E-08,-1.3057E-09,0,-0.05,0,-2.06642E-09,-1.3057E-10,8.86499999999999E-08,8.86499999999996E-09
-0.68,-2.15514E-08,-1.1554E-09,0,-0.05,0,-2.15514E-09,-1.1554E-10,8.89999999999999E-08,8.90000000000001E-09
-0.69,-2.24442E-08,-1.1058E-09,0,-0.05,0,-2.24442E-09,-1.1058E-10,8.9555E-08,8.9555E-09
-0.7,-2.33425E-08,-1.00849E-09,0,-0.05,0,-2.33425E-09,-1.00849E-10,8.97000000000001E-08,8.96999999999999E-09
-0.71,-2.42382E-08,-1.1868E-09,0,-0.05,0,-2.42382E-09,-1.1868E-10,8.96749999999999E-08,8.96749999999998E-09
-0.72,-2.5136E-08,-1.3281E-09,0,-0.05,0,-2.5136E-09,-1.3281E-10,9.02350000000004E-08,9.02350000000004E-09
-0.73,-2.60429E-08,-1.2586E-09,0,-0.05,0,-2.60429E-09,-1.2586E-10,9.09100000000005E-08,9.09100000000005E-09
-0.74,-2.69542E-08,-1.1294E-09,0,-0.05,0,-2.69542E-09,-1.1294E-10,9.10499999999999E-08,9.10499999999999E-09
-0.75,-2.78639E-08,-1.294E-09,0,-0.05,0,-2.78639E-09,-1.294E-10,9.10849999999998E-08,9.10849999999999E-09
-0.76,-2.87759E-08,-1.146E-09,0,-0.05,0,-2.87759E-09,-1.146E-10,9.10449999999998E-08,9.10449999999998E-09
-0.77,-2.96848E-08,-1.6726E-09,0,-0.05,0,-2.96848E-09,-1.6726E-10,9.15899999999998E-08,9.15899999999998E-09
-0.78,-3.06077E-08,-1.1784E-09,0,-0.05,0,-3.06077E-09,-1.1784E-10,9.1715E-08,9.1715E-09
-0.79,-3.15191E-08,-1.0826E-09,0,-0.05,0,-3.15191E-09,-1.0826E-10,9.19299999999999E-08,9.19299999999998E-09
-0.8,-3.24463E-08,-1.01579E-09,0,-0.05,0,-3.24463E-09,-1.01579E-10,9.17749999999998E-08,9.17749999999998E-09
-0.81,-3.33546E-08,-1.1444E-09,0,-0.05,0,-3.33546E-09,-1.1444E-10,9.22400000000001E-08,9.22400000000002E-09
-0.82,-3.42911E-08,-1.02653E-09,0,-0.05,0,-3.42911E-09,-1.02653E-10,9.23649999999999E-08,9.23649999999997E-09
-0.83,-3.52019E-08,-1.1498E-09,0,-0.05,0,-3.52019E-09,-1.1498E-10,9.13599999999998E-08,9.13599999999999E-09
-0.84,-3.61183E-08,-1.1883E-09,0,-0.05,0,-3.61183E-09,-1.1883E-10,9.23450000000001E-08,9.23450000000002E-09
-0.85,-3.70488E-08,-1.1485E-09,0,-0.05,0,-3.70488E-09,-1.1485E-10,9.24150000000005E-08,9.24150000000003E-09
-0.86,-3.79666E-08,-9.6936E-10,0,-0.05,0,-3.79666E-09,-9.6936E-11,9.22500000000002E-08,9.22500000000002E-09
-0.87,-3.88938E-08,-1.197E-09,0,-0.05,0,-3.88938E-09,-1.197E-10,9.18499999999998E-08,9.18499999999998E-09
-0.88,-3.98036E-08,-1.00454E-09,0,-0.05,0,-3.98036E-09,-1.00454E-10,9.2245E-08,9.22449999999999E-09
-0.89,-4.07387E-08,-1.2318E-09,0,-0.05,0,-4.07387E-09,-1.2318E-10,9.293E-08,9.29299999999999E-09
-0.9,-4.16622E-08,-1.1587E-09,0,-0.05,0,-4.16622E-09,-1.1587E-10,9.25549999999999E-08,9.25549999999999E-09
-0.91,-4.25898E-08,-1.2578E-09,0,-0.05,0,-4.25898E-09,-1.2578E-10,9.28049999999999E-08,9.28050000000002E-09
-0.92,-4.35183E-08,-1.309E-09,0,-0.05,0,-4.35183E-09,-1.309E-10,9.2245E-08,9.22450000000004E-09
-0.93,-4.44347E-08,-1.1366E-09,0,-0.05,0,-4.44347E-09,-1.1366E-10,9.17449999999998E-08,9.17449999999994E-09
-0.94,-4.53532E-08,-1.03383E-09,0,-0.05,0,-4.53532E-09,-1.03383E-10,9.27399999999997E-08,9.27399999999993E-09
-0.95,-4.62895E-08,-1.1667E-09,0,-0.05,0,-4.62895E-09,-1.1667E-10,9.20949999999999E-08,9.20950000000001E-09
-0.96,-4.71951E-08,-1.1702E-09,0,-0.05,0,-4.71951E-09,-1.1702E-10,9.10550000000002E-08,9.10550000000003E-09
-0.97,-4.81106E-08,-1.2833E-09,0,-0.05,0,-4.81106E-09,-1.2833E-10,9.25150000000001E-08,9.2515E-09
-0.98,-4.90454E-08,-1.1785E-09,0,-0.05,0,-4.90454E-09,-1.1785E-10,9.21649999999997E-08,9.21649999999997E-09
-0.99,-4.99539E-08,-1.1184E-09,0,-0.05,0,-4.99539E-09,-1.1184E-10,9.15300000000003E-08,9.153E-09
-1,-5.0876E-08,-1.1621E-09,0,-0.05,0,-5.0876E-09,-1.1621E-10,9.18700000000004E-08,9.18700000000004E-09
-1.01,-5.17913E-08,-1.2419E-09,0,-0.05,0,-5.17913E-09,-1.2419E-10,9.04800000000002E-08,9.04800000000006E-09
-1.02,-5.26856E-08,-1.2529E-09,0,-0.05,0,-5.26856E-09,-1.2529E-10,9.0555E-08,9.05549999999997E-09
-1.03,-5.36024E-08,-1.2301E-09,0,-0.05,0,-5.36024E-09,-1.2301E-10,9.14299999999996E-08,9.14299999999995E-09
-1.04,-5.45142E-08,-1.2382E-09,0,-0.05,0,-5.45142E-09,-1.2382E-10,8.9735E-08,8.97350000000001E-09
-1.05,-5.53971E-08,-1.1839E-09,0,-0.05,0,-5.53971E-09,-1.1839E-10,9.02400000000001E-08,9.02400000000002E-09
-1.06,-5.6319E-08,-1.1822E-09,0,-0.05,0,-5.6319E-09,-1.1822E-10,9.06749999999998E-08,9.06749999999999E-09
-1.07,-5.72106E-08,-1.1727E-09,0,-0.05,0,-5.72106E-09,-1.1727E-10,9.05299999999999E-08,9.05299999999996E-09
-1.08,-5.81296E-08,-1.1746E-09,0,-0.05,0,-5.81296E-09,-1.1746E-10,9.044E-08,9.04399999999999E-09
-1.09,-5.90194E-08,-9.9828E-10,0,-0.05,0,-5.90194E-09,-9.9828E-11,8.87349999999998E-08,8.87349999999998E-09
-1.1,-5.99043E-08,-1.2063E-09,0,-0.05,0,-5.99043E-09,-1.2063E-10,8.95599999999998E-08,8.95599999999998E-09
-1.11,-6.08106E-08,-1.0781E-09,0,-0.05,0,-6.08106E-09,-1.0781E-10,8.957E-08,8.95700000000001E-09
-1.12,-6.16957E-08,-9.6897E-10,0,-0.05,0,-6.16957E-09,-9.6897E-11,8.90299999999999E-08,8.903E-09
-1.13,-6.25912E-08,-1.0921E-09,0,-0.05,0,-6.25912E-09,-1.0921E-10,8.90799999999999E-08,8.90800000000002E-09
-1.14,-6.34773E-08,-1.0934E-09,0,-0.05,0,-6.34773E-09,-1.0934E-10,8.89449999999999E-08,8.89450000000002E-09
-1.15,-6.43701E-08,-1.1959E-09,0,-0.05,0,-6.43701E-09,-1.1959E-10,8.85249999999997E-08,8.85249999999995E-09
-1.16,-6.52478E-08,-1.2664E-09,0,-0.05,0,-6.52478E-09,-1.2664E-10,8.78549999999999E-08,8.78549999999997E-09
-1.17,-6.61272E-08,-1.1808E-09,0,-0.05,0,-6.61272E-09,-1.1808E-10,8.72149999999997E-08,8.72149999999996E-09
-1.18,-6.69921E-08,-1.1249E-09,0,-0.05,0,-6.69921E-09,-1.1249E-10,8.65750000000011E-08,8.65750000000013E-09
-1.19,-6.78587E-08,-1.1495E-09,0,-0.05,0,-6.78587E-09,-1.1495E-10,8.73750000000014E-08,8.73750000000015E-09
-1.2,-6.87396E-08,-1.02422E-09,0,-0.05,0,-6.87396E-09,-1.02422E-10,8.73499999999997E-08,8.73499999999992E-09
-1.21,-6.96057E-08,-1.1345E-09,0,-0.05,0,-6.96057E-09,-1.1345E-10,8.66499999999996E-08,8.66499999999998E-09
-1.22,-7.04726E-08,-1.2434E-09,0,-0.05,0,-7.04726E-09,-1.2434E-10,8.58650000000001E-08,8.58650000000006E-09
-1.23,-7.1323E-08,-1.2164E-09,0,-0.05,0,-7.1323E-09,-1.2164E-10,8.53550000000004E-08,8.53549999999998E-09
-1.24,-7.21797E-08,-1.1652E-09,0,-0.05,0,-7.21797E-09,-1.1652E-10,8.59199999999998E-08,8.59199999999996E-09
-1.25,-7.30414E-08,-1.1057E-09,0,-0.05,0,-7.30414E-09,-1.1057E-10,8.55749999999997E-08,8.5575E-09
-1.26,-7.38912E-08,-1.1615E-09,0,-0.05,0,-7.38912E-09,-1.1615E-10,8.481E-08,8.48099999999993E-09
-1.27,-7.47376E-08,-1.1228E-09,0,-0.05,0,-7.47376E-09,-1.1228E-10,8.46599999999998E-08,8.46599999999999E-09
-1.28,-7.55844E-08,-1.00578E-09,0,-0.05,0,-7.55844E-09,-1.00578E-10,8.41149999999995E-08,8.41149999999995E-09
-1.29,-7.64199E-08,-1.1722E-09,0,-0.05,0,-7.64199E-09,-1.1722E-10,8.33800000000001E-08,8.33800000000001E-09
-1.3,-7.7252E-08,-1.103E-09,0,-0.05,0,-7.7252E-09,-1.103E-10,8.541E-08,8.54100000000003E-09
-1.31,-7.81281E-08,-1.1355E-09,0,-0.05,0,-7.81281E-09,-1.1355E-10,8.51050000000001E-08,8.51049999999999E-09
-1.32,-7.89541E-08,-9.7538E-10,0,-0.05,0,-7.89541E-09,-9.7538E-11,8.34100000000004E-08,8.34100000000006E-09
-1.33,-7.97963E-08,-1.1642E-09,0,-0.05,0,-7.97963E-09,-1.1642E-10,8.13349999999994E-08,8.1335E-09
-1.34,-8.05808E-08,-1.2246E-09,0,-0.05,0,-8.05808E-09,-1.2246E-10,8.03749999999998E-08,8.03750000000001E-09
-1.35,-8.14038E-08,-1.1876E-09,0,-0.05,0,-8.14038E-09,-1.1876E-10,8.27500000000004E-08,8.27500000000003E-09
-1.36,-8.22358E-08,-1.2377E-09,0,-0.05,0,-8.22358E-09,-1.2377E-10,8.25249999999995E-08,8.25249999999989E-09
-1.37,-8.30543E-08,-1.00355E-09,0,-0.05,0,-8.30543E-09,-1.00355E-10,8.03549999999993E-08,8.03549999999987E-09
-1.38,-8.38429E-08,-1.1941E-09,0,-0.05,0,-8.38429E-09,-1.1941E-10,8.15450000000002E-08,8.15450000000008E-09
-1.39,-8.46852E-08,-1.1906E-09,0,-0.05,0,-8.46852E-09,-1.1906E-10,8.15800000000001E-08,8.15800000000004E-09
-1.4,-8.54745E-08,-1.392E-09,0,-0.05,0,-8.54745E-09,-1.392E-10,8.02149999999997E-08,8.02149999999995E-09
-1.41,-8.62895E-08,-1.2189E-09,0,-0.05,0,-8.62895E-09,-1.2189E-10,7.98100000000003E-08,7.98100000000003E-09
-1.42,-8.70707E-08,-1.2299E-09,0,-0.05,0,-8.70707E-09,-1.2299E-10,7.85500000000003E-08,7.85499999999998E-09
-1.43,-8.78605E-08,-9.5314E-10,0,-0.05,0,-8.78605E-09,-9.5314E-11,7.88399999999995E-08,7.88399999999988E-09
-1.44,-8.86475E-08,-9.6063E-10,0,-0.05,0,-8.86475E-09,-9.6063E-11,7.87849999999998E-08,7.87849999999995E-09
-1.45,-8.94362E-08,-1.01851E-09,0,-0.05,0,-8.94362E-09,-1.01851E-10,7.77400000000011E-08,7.77400000000014E-09
-1.46,-9.02023E-08,-1.1162E-09,0,-0.05,0,-9.02023E-09,-1.1162E-10,7.65050000000004E-08,7.65050000000014E-09
-1.47,-9.09663E-08,-1.1798E-09,0,-0.05,0,-9.09663E-09,-1.1798E-10,7.78749999999996E-08,7.78749999999997E-09
-1.48,-9.17598E-08,-1.01645E-09,0,-0.05,0,-9.17598E-09,-1.01645E-10,7.86600000000003E-08,7.86600000000002E-09
-1.49,-9.25395E-08,-1.2164E-09,0,-0.05,0,-9.25395E-09,-1.2164E-10,7.85500000000003E-08,7.85500000000007E-09
-1.5,-9.33308E-08,-9.1626E-10,0,-0.05,0,-9.33308E-09,-9.1626E-11,7.80149999999999E-08,7.80149999999997E-09
-1.51,-9.40998E-08,-1.2233E-09,0,-0.05,0,-9.40998E-09,-1.2233E-10,7.7295E-08,7.72949999999993E-09
-1.52,-9.48767E-08,-1.2538E-09,0,-0.05,0,-9.48767E-09,-1.2538E-10,7.44249999999996E-08,7.44249999999993E-09
-1.53,-9.55883E-08,-1.2105E-09,0,-0.05,0,-9.55883E-09,-1.2105E-10,7.41400000000001E-08,7.41400000000003E-09
-1.54,-9.63595E-08,-1.2103E-09,0,-0.05,0,-9.63595E-09,-1.2103E-10,7.59200000000004E-08,7.59200000000011E-09
-1.55,-9.71067E-08,-1.2205E-09,0,-0.05,0,-9.71067E-09,-1.2205E-10,7.50199999999994E-08,7.50199999999995E-09
-1.56,-9.78599E-08,-1.2172E-09,0,-0.05,0,-9.78599E-09,-1.2172E-10,7.44349999999995E-08,7.44349999999992E-09
-1.57,-9.85954E-08,-1.2028E-09,0,-0.05,0,-9.85954E-09,-1.2028E-10,7.39350000000003E-08,7.39350000000003E-09
-1.58,-9.93386E-08,-1.0172E-09,0,-0.05,0,-9.93386E-09,-1.0172E-10,7.51800000000001E-08,7.51800000000001E-09
-1.59,-1.00099E-07,-9.073E-10,0,-0.05,0,-1.00099E-08,-9.073E-11,7.46200000000002E-08,7.46200000000002E-09
-1.6,-1.00831E-07,-1.2441E-09,0,-0.05,0,-1.00831E-08,-1.2441E-10,7.28500000000005E-08,7.28500000000002E-09
-1.61,-1.01556E-07,-1.01761E-09,0,-0.05,0,-1.01556E-08,-1.01761E-10,7.29499999999999E-08,7.29499999999998E-09
-1.62,-1.0229E-07,-1.01973E-09,0,-0.05,0,-1.0229E-08,-1.01973E-10,7.43000000000001E-08,7.43E-09
-1.63,-1.03042E-07,-1.3018E-09,0,-0.05,0,-1.03042E-08,-1.3018E-10,7.27999999999998E-08,7.27999999999999E-09
-1.64,-1.03746E-07,-1.1702E-09,0,-0.05,0,-1.03746E-08,-1.1702E-10,6.98999999999998E-08,6.98999999999995E-09
-1.65,-1.0444E-07,-8.1638E-10,0,-0.05,0,-1.0444E-08,-8.1638E-11,7.04000000000004E-08,7.04E-09
-1.66,-1.05154E-07,-1.2655E-09,0,-0.05,0,-1.05154E-08,-1.2655E-10,7.11999999999999E-08,7.12000000000003E-09
-1.67,-1.05864E-07,-9.8455E-10,0,-0.05,0,-1.05864E-08,-9.8455E-11,7.05499999999999E-08,7.05499999999999E-09
-1.68,-1.06565E-07,-1.1158E-09,0,-0.05,0,-1.06565E-08,-1.1158E-10,7.19999999999995E-08,7.19999999999997E-09
-1.69,-1.07304E-07,-1.213E-09,0,-0.05,0,-1.07304E-08,-1.213E-10,7.04499999999997E-08,7.04499999999994E-09
-1.7,-1.07974E-07,-1.01145E-09,0,-0.05,0,-1.07974E-08,-1.01145E-10,6.87000000000004E-08,6.86999999999999E-09
-1.71,-1.08678E-07,-1.0588E-09,0,-0.05,0,-1.08678E-08,-1.0588E-10,7.01500000000009E-08,7.01500000000014E-09
-1.72,-1.09377E-07,-1.1514E-09,0,-0.05,0,-1.09377E-08,-1.1514E-10,6.87000000000005E-08,6.87000000000015E-09
-1.73,-1.10052E-07,-1.126E-09,0,-0.05,0,-1.10052E-08,-1.126E-10,6.55999999999996E-08,6.55999999999994E-09
-1.74,-1.10689E-07,-1.02592E-09,0,-0.05,0,-1.10689E-08,-1.02592E-10,6.90000000000001E-08,6.89999999999996E-09
-1.75,-1.11432E-07,-1.167E-09,0,-0.05,0,-1.11432E-08,-1.167E-10,7.07500000000001E-08,7.07499999999999E-09
-1.76,-1.12104E-07,-1.1867E-09,0,-0.05,0,-1.12104E-08,-1.1867E-10,6.76499999999999E-08,6.76499999999994E-09
-1.77,-1.12785E-07,-1.2303E-09,0,-0.05,0,-1.12785E-08,-1.2303E-10,6.74999999999997E-08,6.75000000000004E-09
-1.78,-1.13454E-07,-1.2789E-09,0,-0.05,0,-1.13454E-08,-1.2789E-10,6.68499999999996E-08,6.68500000000008E-09
-1.79,-1.14122E-07,-1.1364E-09,0,-0.05,0,-1.14122E-08,-1.1364E-10,6.66500000000001E-08,6.66499999999991E-09
-1.8,-1.14787E-07,-1.1937E-09,0,-0.05,0,-1.14787E-08,-1.1937E-10,6.64999999999999E-08,6.64999999999976E-09
0,-1.97E-12,-1.7561E-10,0,-0.05,0.1,-1.97E-13,-1.7561E-11,-8.1E-11,-8.1E-12
-0.01,-1.16E-12,-3.3956E-10,0,-0.05,0.1,-1.16E-13,-3.3956E-11,-1.7E-11,-1.7E-12
-0.02,-1.63E-12,-3.8389E-10,0,-0.05,0.1,-1.63E-13,-3.8389E-11,-6.99999999999999E-12,-6.99999999999999E-13
-0.03,-1.02E-12,-4.4254E-10,0,-0.05,0.1,-1.02E-13,-4.4254E-11,-1.25E-11,-1.25E-12
-0.04,-1.38E-12,-3.982E-10,0,-0.05,0.1,-1.38E-13,-3.982E-11,-1.65E-11,-1.65E-12
-0.05,-6.9E-13,-5.4859E-10,0,-0.05,0.1,-6.9E-14,-5.4859E-11,3E-12,3E-13
-0.06,-1.44E-12,-6.2752E-10,0,-0.05,0.1,-1.44E-13,-6.2752E-11,1.5E-12,1.5E-13
-0.07,-7.2E-13,-5.7926E-10,0,-0.05,0.1,-7.2E-14,-5.7926E-11,4E-12,4E-13
-0.08,-1.52E-12,-5.8417E-10,0,-0.05,0.1,-1.52E-13,-5.8417E-11,5E-12,5E-13
-0.09,-8.2E-13,-6.1483E-10,0,-0.05,0.1,-8.2E-14,-6.1483E-11,6.5E-12,6.5E-13
-0.1,-1.65E-12,-6.6334E-10,0,-0.05,0.1,-1.65E-13,-6.6334E-11,1.1E-11,1.1E-12
-0.11,-1.04E-12,-6.0084E-10,0,-0.05,0.1,-1.04E-13,-6.0084E-11,1.25E-11,1.25E-12
-0.12,-1.9E-12,-5.8436E-10,0,-0.05,0.1,-1.9E-13,-5.8436E-11,8E-12,8E-13
-0.13,-1.2E-12,-6.3766E-10,0,-0.05,0.1,-1.2E-13,-6.3766E-11,0,0
-0.14,-1.9E-12,-6.1437E-10,0,-0.05,0.1,-1.9E-13,-6.1437E-11,2E-11,2E-12
-0.15,-1.6E-12,-5.8415E-10,0,-0.05,0.1,-1.6E-13,-5.8415E-11,2.45E-11,2.45E-12
-0.16,-2.39E-12,-6.7523E-10,0,-0.05,0.1,-2.39E-13,-6.7523E-11,2.3E-11,2.3E-12
-0.17,-2.06E-12,-6.3385E-10,0,-0.05,0.1,-2.06E-13,-6.3385E-11,3.05E-11,3.05E-12
-0.18,-3E-12,-6.7811E-10,0,-0.05,0.1,-3E-13,-6.7811E-11,6.3E-11,6.3E-12
-0.19,-3.32E-12,-7.2557E-10,0,-0.05,0.1,-3.32E-13,-7.2557E-11,8.7E-11,8.7E-12
-0.2,-4.74E-12,-7.2939E-10,0,-0.05,0.1,-4.74E-13,-7.2939E-11,8.19999999999999E-11,8.19999999999999E-12
-0.21,-4.96E-12,-6.5634E-10,0,-0.05,0.1,-4.96E-13,-6.5634E-11,1.265E-10,1.265E-11
-0.22,-7.27E-12,-8.0196E-10,0,-0.05,0.1,-7.27E-13,-8.0196E-11,2.085E-10,2.085E-11
-0.23,-9.13E-12,-6.2844E-10,0,-0.05,0.1,-9.13E-13,-6.2844E-11,2.56E-10,2.56E-11
-0.24,-1.239E-11,-7.1399E-10,0,-0.05,0.1,-1.239E-12,-7.1399E-11,3.555E-10,3.555E-11
-0.25,-1.624E-11,-7.1032E-10,0,-0.05,0.1,-1.624E-12,-7.1032E-11,4.905E-10,4.905E-11
-0.26,-2.22E-11,-6.8475E-10,0,-0.05,0.1,-2.22E-12,-6.8475E-11,6.67E-10,6.66999999999999E-11
-0.27,-2.958E-11,-6.481E-10,0,-0.05,0.1,-2.958E-12,-6.481E-11,8.88499999999999E-10,8.88499999999999E-11
-0.28,-3.997E-11,-6.6331E-10,0,-0.05,0.1,-3.997E-12,-6.6331E-11,1.228E-09,1.228E-10
-0.29,-5.414E-11,-8.7597E-10,0,-0.05,0.1,-5.414E-12,-8.7597E-11,1.6725E-09,1.6725E-10
-0.3,-7.342E-11,-7.0052E-10,0,-0.05,0.1,-7.342E-12,-7.0052E-11,2.176E-09,2.176E-10
-0.31,-9.766E-11,-8.7304E-10,0,-0.05,0.1,-9.766E-12,-8.7304E-11,2.9005E-09,2.9005E-10
-0.32,-1.3143E-10,-6.7778E-10,0,-0.05,0.1,-1.3143E-11,-6.7778E-11,3.821E-09,3.821E-10
-0.33,-1.7408E-10,-6.89E-10,0,-0.05,0.1,-1.7408E-11,-6.89E-11,4.8505E-09,4.85049999999999E-10
-0.34,-2.2844E-10,-7.0142E-10,0,-0.05,0.1,-2.2844E-11,-7.0142E-11,6.53949999999999E-09,6.53949999999999E-10
-0.35,-3.0487E-10,-8.3445E-10,0,-0.05,0.1,-3.0487E-11,-8.3445E-11,8.19449999999999E-09,8.19449999999999E-10
-0.36,-3.9233E-10,-7.8488E-10,0,-0.05,0.1,-3.9233E-11,-7.8488E-11,1.03485E-08,1.03485E-09
-0.37,-5.1184E-10,-6.1705E-10,0,-0.05,0.1,-5.1184E-11,-6.1705E-11,1.2742E-08,1.2742E-09
-0.38,-6.4717E-10,-7.6363E-10,0,-0.05,0.1,-6.4717E-11,-7.6363E-11,1.57715E-08,1.57715E-09
-0.39,-8.2727E-10,-7.3929E-10,0,-0.05,0.1,-8.2727E-11,-7.3929E-11,1.88635E-08,1.88635E-09
-0.4,-1.02444E-09,-7.3511E-10,0,-0.05,0.1,-1.02444E-10,-7.3511E-11,2.2443E-08,2.2443E-09
-0.41,-1.27613E-09,-6.3771E-10,0,-0.05,0.1,-1.27613E-10,-6.3771E-11,2.59775E-08,2.59775E-09
-0.42,-1.54399E-09,-8.589E-10,0,-0.05,0.1,-1.54399E-10,-8.589E-11,3.01935000000001E-08,3.01935E-09
-0.43,-1.88E-09,-8.0096E-10,0,-0.05,0.1,-1.88E-10,-8.0096E-11,3.39775000000001E-08,3.39775E-09
-0.44,-2.22354E-09,-7.4297E-10,0,-0.05,0.1,-2.22354E-10,-7.4297E-11,3.7221E-08,3.7221E-09
-0.45,-2.62442E-09,-7.434E-10,0,-0.05,0.1,-2.62442E-10,-7.434E-11,4.20545E-08,4.20545E-09
-0.46,-3.06463E-09,-7.6644E-10,0,-0.05,0.1,-3.06463E-10,-7.6644E-11,4.61725E-08,4.61724999999999E-09
-0.47,-3.54787E-09,-7.9062E-10,0,-0.05,0.1,-3.54787E-10,-7.9062E-11,4.9801E-08,4.9801E-09
-0.48,-4.06065E-09,-7.8186E-10,0,-0.05,0.1,-4.06065E-10,-7.8186E-11,5.33009999999999E-08,5.33009999999999E-09
-0.49,-4.61389E-09,-7.7957E-10,0,-0.05,0.1,-4.61389E-10,-7.7957E-11,5.70665000000001E-08,5.70665000000001E-09
-0.5,-5.20198E-09,-8.0114E-10,0,-0.05,0.1,-5.20198E-10,-8.0114E-11,6.01200000000001E-08,6.01200000000002E-09
-0.51,-5.81629E-09,-7.0904E-10,0,-0.05,0.1,-5.81629E-10,-7.0904E-11,6.32939999999999E-08,6.32939999999999E-09
-0.52,-6.46786E-09,-7.3411E-10,0,-0.05,0.1,-6.46786E-10,-7.3411E-11,6.64554999999999E-08,6.64554999999999E-09
-0.53,-7.1454E-09,-7.3759E-10,0,-0.05,0.1,-7.1454E-10,-7.3759E-11,6.85589999999999E-08,6.85589999999999E-09
-0.54,-7.83904E-09,-7.2723E-10,0,-0.05,0.1,-7.83904E-10,-7.2723E-11,7.10134999999999E-08,7.10134999999999E-09
-0.55,-8.56567E-09,-7.3487E-10,0,-0.05,0.1,-8.56567E-10,-7.3487E-11,7.30249999999999E-08,7.30249999999999E-09
-0.56,-9.29954E-09,-8.302E-10,0,-0.05,0.1,-9.29954E-10,-8.302E-11,7.51525E-08,7.51525E-09
-0.57,-1.006872E-08,-6.7433E-10,0,-0.05,0.1,-1.006872E-09,-6.7433E-11,7.85279999999999E-08,7.85279999999999E-09
-0.58,-1.08701E-08,-6.3685E-10,0,-0.05,0.1,-1.08701E-09,-6.3685E-11,7.93289999999998E-08,7.93289999999998E-09
-0.59,-1.16553E-08,-7.8615E-10,0,-0.05,0.1,-1.16553E-09,-7.8615E-11,7.94200000000003E-08,7.94200000000003E-09
-0.6,-1.24585E-08,-7.0241E-10,0,-0.05,0.1,-1.24585E-09,-7.0241E-11,8.04750000000004E-08,8.04750000000004E-09
-0.61,-1.32648E-08,-8.5718E-10,0,-0.05,0.1,-1.32648E-09,-8.5718E-11,8.19149999999999E-08,8.19149999999999E-09
-0.62,-1.40968E-08,-7.797E-10,0,-0.05,0.1,-1.40968E-09,-7.797E-11,8.3295E-08,8.3295E-09
-0.63,-1.49307E-08,-7.0794E-10,0,-0.05,0.1,-1.49307E-09,-7.0794E-11,8.38949999999999E-08,8.38949999999999E-09
-0.64,-1.57747E-08,-8.2778E-10,0,-0.05,0.1,-1.57747E-09,-8.2778E-11,8.40749999999998E-08,8.40749999999998E-09
-0.65,-1.66122E-08,-7.4581E-10,0,-0.05,0.1,-1.66122E-09,-7.4581E-11,8.45849999999999E-08,8.45849999999999E-09
-0.66,-1.74664E-08,-6.9782E-10,0,-0.05,0.1,-1.74664E-09,-6.9782E-11,8.56499999999999E-08,8.56499999999999E-09
-0.67,-1.83252E-08,-6.9782E-10,0,-0.05,0.1,-1.83252E-09,-6.9782E-11,8.60199999999999E-08,8.60199999999999E-09
-0.68,-1.91868E-08,-7.7504E-10,0,-0.05,0.1,-1.91868E-09,-7.7504E-11,8.68699999999999E-08,8.687E-09
-0.69,-2.00626E-08,-7.076E-10,0,-0.05,0.1,-2.00626E-09,-7.076E-11,8.7175E-08,8.71749999999999E-09
-0.7,-2.09303E-08,-7.6979E-10,0,-0.05,0.1,-2.09303E-09,-7.6979E-11,8.7435E-08,8.7435E-09
-0.71,-2.18113E-08,-7.4351E-10,0,-0.05,0.1,-2.18113E-09,-7.4351E-11,8.79049999999998E-08,8.79049999999999E-09
-0.72,-2.26884E-08,-7.2831E-10,0,-0.05,0.1,-2.26884E-09,-7.2831E-11,8.83950000000003E-08,8.83950000000001E-09
-0.73,-2.35792E-08,-7.4964E-10,0,-0.05,0.1,-2.35792E-09,-7.4964E-11,8.86950000000005E-08,8.86950000000004E-09
-0.74,-2.44623E-08,-7.8066E-10,0,-0.05,0.1,-2.44623E-09,-7.8066E-11,8.85749999999999E-08,8.85750000000001E-09
-0.75,-2.53507E-08,-7.0849E-10,0,-0.05,0.1,-2.53507E-09,-7.0849E-11,8.90999999999999E-08,8.90999999999998E-09
-0.76,-2.62443E-08,-7.6083E-10,0,-0.05,0.1,-2.62443E-09,-7.6083E-11,8.91799999999999E-08,8.91799999999998E-09
-0.77,-2.71343E-08,-7.8729E-10,0,-0.05,0.1,-2.71343E-09,-7.8729E-11,8.947E-08,8.947E-09
-0.78,-2.80337E-08,-7.8264E-10,0,-0.05,0.1,-2.80337E-09,-7.8264E-11,9.029E-08,9.029E-09
-0.79,-2.89401E-08,-6.3905E-10,0,-0.05,0.1,-2.89401E-09,-6.3905E-11,9.03549999999999E-08,9.03550000000001E-09
-0.8,-2.98408E-08,-7.4555E-10,0,-0.05,0.1,-2.98408E-09,-7.4555E-11,8.938E-08,8.93799999999999E-09
-0.81,-3.07277E-08,-7.5017E-10,0,-0.05,0.1,-3.07277E-09,-7.5017E-11,8.94699999999999E-08,8.94699999999998E-09
-0.82,-3.16302E-08,-7.3261E-10,0,-0.05,0.1,-3.16302E-09,-7.3261E-11,9.03849999999997E-08,9.03849999999997E-09
-0.83,-3.25354E-08,-7.9535E-10,0,-0.05,0.1,-3.25354E-09,-7.9535E-11,9.04749999999999E-08,9.04749999999999E-09
-0.84,-3.34397E-08,-8.0465E-10,0,-0.05,0.1,-3.34397E-09,-8.0465E-11,9.05950000000001E-08,9.05950000000001E-09
-0.85,-3.43473E-08,-8.0472E-10,0,-0.05,0.1,-3.43473E-09,-8.0472E-11,9.04450000000005E-08,9.04450000000005E-09
-0.86,-3.52486E-08,-7.6541E-10,0,-0.05,0.1,-3.52486E-09,-7.6541E-11,9.08400000000003E-08,9.08400000000005E-09
-0.87,-3.61641E-08,-6.1073E-10,0,-0.05,0.1,-3.61641E-09,-6.1073E-11,9.04699999999997E-08,9.04699999999997E-09
-0.88,-3.7058E-08,-6.992E-10,0,-0.05,0.1,-3.7058E-09,-6.992E-11,9.07549999999999E-08,9.07549999999996E-09
-0.89,-3.79792E-08,-7.1207E-10,0,-0.05,0.1,-3.79792E-09,-7.1207E-11,9.066E-08,9.06599999999999E-09
-0.9,-3.88712E-08,-7.677E-10,0,-0.05,0.1,-3.88712E-09,-7.677E-11,8.97399999999999E-08,8.97400000000001E-09
-0.91,-3.9774E-08,-7.5074E-10,0,-0.05,0.1,-3.9774E-09,-7.5074E-11,9.06300000000001E-08,9.063E-09
-0.92,-4.06838E-08,-7.5519E-10,0,-0.05,0.1,-4.06838E-09,-7.5519E-11,9.09300000000001E-08,9.09300000000001E-09
-0.93,-4.15926E-08,-7.567E-10,0,-0.05,0.1,-4.15926E-09,-7.567E-11,9.08049999999999E-08,9.0805E-09
-0.94,-4.24999E-08,-7.451E-10,0,-0.05,0.1,-4.24999E-09,-7.451E-11,9.07149999999997E-08,9.07149999999998E-09
-0.95,-4.34069E-08,-7.809E-10,0,-0.05,0.1,-4.34069E-09,-7.809E-11,9.00999999999998E-08,9.00999999999998E-09
-0.96,-4.43019E-08,-7.71E-10,0,-0.05,0.1,-4.43019E-09,-7.71E-11,9.069E-08,9.06899999999997E-09
-0.97,-4.52207E-08,-7.9716E-10,0,-0.05,0.1,-4.52207E-09,-7.9716E-11,9.12399999999999E-08,9.12399999999997E-09
-0.98,-4.61267E-08,-8.1667E-10,0,-0.05,0.1,-4.61267E-09,-8.1667E-11,9.05949999999998E-08,9.05949999999996E-09
-0.99,-4.70326E-08,-8.7317E-10,0,-0.05,0.1,-4.70326E-09,-8.7317E-11,9.00350000000005E-08,9.00350000000007E-09
-1,-4.79274E-08,-8.5352E-10,0,-0.05,0.1,-4.79274E-09,-8.5352E-11,9.00100000000004E-08,9.00100000000006E-09
-1.01,-4.88328E-08,-8.0934E-10,0,-0.05,0.1,-4.88328E-09,-8.0934E-11,9.04549999999999E-08,9.04550000000001E-09
-1.02,-4.97365E-08,-7.8931E-10,0,-0.05,0.1,-4.97365E-09,-7.8931E-11,8.97500000000001E-08,8.97499999999999E-09
-1.03,-5.06278E-08,-7.9285E-10,0,-0.05,0.1,-5.06278E-09,-7.9285E-11,8.93949999999998E-08,8.93949999999993E-09
-1.04,-5.15244E-08,-8.0464E-10,0,-0.05,0.1,-5.15244E-09,-8.0464E-11,8.93699999999997E-08,8.93699999999996E-09
-1.05,-5.24152E-08,-6.7382E-10,0,-0.05,0.1,-5.24152E-09,-6.7382E-11,8.97449999999998E-08,8.9745E-09
-1.06,-5.33193E-08,-8.1696E-10,0,-0.05,0.1,-5.33193E-09,-8.1696E-11,8.99099999999998E-08,8.99100000000001E-09
-1.07,-5.42134E-08,-8.7572E-10,0,-0.05,0.1,-5.42134E-09,-8.7572E-11,8.84650000000001E-08,8.84650000000002E-09
-1.08,-5.50886E-08,-8.1626E-10,0,-0.05,0.1,-5.50886E-09,-8.1626E-11,8.92300000000001E-08,8.923E-09
-1.09,-5.5998E-08,-8.4583E-10,0,-0.05,0.1,-5.5998E-09,-8.4583E-11,8.968E-08,8.96799999999996E-09
-1.1,-5.68822E-08,-8.2434E-10,0,-0.05,0.1,-5.68822E-09,-8.2434E-11,8.8095E-08,8.80950000000001E-09
-1.11,-5.77599E-08,-7.7057E-10,0,-0.05,0.1,-5.77599E-09,-7.7057E-11,8.77949999999999E-08,8.77950000000004E-09
-1.12,-5.86381E-08,-7.6312E-10,0,-0.05,0.1,-5.86381E-09,-7.6312E-11,8.86049999999997E-08,8.86049999999997E-09
-1.13,-5.9532E-08,-8.5602E-10,0,-0.05,0.1,-5.9532E-09,-8.5602E-11,8.84150000000001E-08,8.8415E-09
-1.14,-6.04064E-08,-6.883E-10,0,-0.05,0.1,-6.04064E-09,-6.883E-11,8.71449999999999E-08,8.71449999999996E-09
-1.15,-6.12749E-08,-9.3277E-10,0,-0.05,0.1,-6.12749E-09,-9.3277E-11,8.67299999999999E-08,8.67299999999997E-09
-1.16,-6.2141E-08,-7.6416E-10,0,-0.05,0.1,-6.2141E-09,-7.6416E-11,8.64300000000003E-08,8.64300000000004E-09
-1.17,-6.30035E-08,-8.1836E-10,0,-0.05,0.1,-6.30035E-09,-8.1836E-11,8.75699999999997E-08,8.75699999999999E-09
-1.18,-6.38924E-08,-8.7759E-10,0,-0.05,0.1,-6.38924E-09,-8.7759E-11,8.67100000000005E-08,8.67100000000005E-09
-1.19,-6.47377E-08,-7.4293E-10,0,-0.05,0.1,-6.47377E-09,-7.4293E-11,8.65900000000006E-08,8.65900000000007E-09
-1.2,-6.56242E-08,-7.9957E-10,0,-0.05,0.1,-6.56242E-09,-7.9957E-11,8.74749999999998E-08,8.74749999999998E-09
-1.21,-6.64872E-08,-8.4663E-10,0,-0.05,0.1,-6.64872E-09,-8.4663E-11,8.56499999999998E-08,8.56499999999995E-09
-1.22,-6.73372E-08,-8.5446E-10,0,-0.05,0.1,-6.73372E-09,-8.5446E-11,8.58599999999999E-08,8.58599999999999E-09
-1.23,-6.82044E-08,-8.5955E-10,0,-0.05,0.1,-6.82044E-09,-8.5955E-11,8.547E-08,8.547E-09
-1.24,-6.90466E-08,-8.3475E-10,0,-0.05,0.1,-6.90466E-09,-8.3475E-11,8.42449999999999E-08,8.4245E-09
-1.25,-6.98893E-08,-7.9485E-10,0,-0.05,0.1,-6.98893E-09,-7.9485E-11,8.38600000000002E-08,8.38600000000001E-09
-1.26,-7.07238E-08,-8.0436E-10,0,-0.05,0.1,-7.07238E-09,-8.0436E-11,8.37400000000004E-08,8.37400000000003E-09
-1.27,-7.15641E-08,-8.6275E-10,0,-0.05,0.1,-7.15641E-09,-8.6275E-11,8.5165E-08,8.51650000000004E-09
-1.28,-7.24271E-08,-8.3347E-10,0,-0.05,0.1,-7.24271E-09,-8.3347E-11,8.41449999999998E-08,8.41449999999999E-09
-1.29,-7.3247E-08,-7.0519E-10,0,-0.05,0.1,-7.3247E-09,-7.0519E-11,8.25799999999999E-08,8.25799999999995E-09
-1.3,-7.40787E-08,-8.4351E-10,0,-0.05,0.1,-7.40787E-09,-8.4351E-11,8.40799999999996E-08,8.40799999999995E-09
-1.31,-7.49286E-08,-7.4561E-10,0,-0.05,0.1,-7.49286E-09,-7.4561E-11,8.25149999999997E-08,8.25150000000002E-09
-1.32,-7.5729E-08,-8.5758E-10,0,-0.05,0.1,-7.5729E-09,-8.5758E-11,8.26850000000002E-08,8.26850000000003E-09
-1.33,-7.65823E-08,-7.6487E-10,0,-0.05,0.1,-7.65823E-09,-7.6487E-11,8.24150000000002E-08,8.24150000000002E-09
-1.34,-7.73773E-08,-8.3043E-10,0,-0.05,0.1,-7.73773E-09,-8.3043E-11,8.05449999999997E-08,8.05449999999989E-09
-1.35,-7.81932E-08,-8.829E-10,0,-0.05,0.1,-7.81932E-09,-8.829E-11,8.13899999999997E-08,8.13899999999986E-09
-1.36,-7.90051E-08,-7.9102E-10,0,-0.05,0.1,-7.90051E-09,-7.9102E-11,8.02549999999999E-08,8.02550000000007E-09
-1.37,-7.97983E-08,-9.1067E-10,0,-0.05,0.1,-7.97983E-09,-9.1067E-11,8.12549999999997E-08,8.12550000000002E-09
-1.38,-8.06302E-08,-7.9046E-10,0,-0.05,0.1,-8.06302E-09,-7.9046E-11,8.0845E-08,8.08449999999994E-09
-1.39,-8.14152E-08,-7.6755E-10,0,-0.05,0.1,-8.14152E-09,-7.6755E-11,8.12650000000002E-08,8.12650000000001E-09
-1.4,-8.22555E-08,-8.3382E-10,0,-0.05,0.1,-8.22555E-09,-8.3382E-11,8.13199999999999E-08,8.13200000000002E-09
-1.41,-8.30416E-08,-7.8927E-10,0,-0.05,0.1,-8.30416E-09,-7.8927E-11,7.98200000000002E-08,7.98200000000002E-09
-1.42,-8.38519E-08,-8.5454E-10,0,-0.05,0.1,-8.38519E-09,-8.5454E-11,7.91950000000001E-08,7.91950000000003E-09
-1.43,-8.46255E-08,-8.2315E-10,0,-0.05,0.1,-8.46255E-09,-8.2315E-11,7.95499999999995E-08,7.95499999999993E-09
-1.44,-8.54429E-08,-8.2912E-10,0,-0.05,0.1,-8.54429E-09,-8.2912E-11,7.8765E-08,7.87649999999997E-09
-1.45,-8.62008E-08,-8.5932E-10,0,-0.05,0.1,-8.62008E-09,-8.5932E-11,7.69250000000013E-08,7.69250000000013E-09
-1.46,-8.69814E-08,-8.0077E-10,0,-0.05,0.1,-8.69814E-09,-8.0077E-11,7.73400000000006E-08,7.73400000000004E-09
-1.47,-8.77476E-08,-7.7559E-10,0,-0.05,0.1,-8.77476E-09,-7.7559E-11,7.65099999999999E-08,7.65099999999997E-09
-1.48,-8.85116E-08,-8.7256E-10,0,-0.05,0.1,-8.85116E-09,-8.7256E-11,7.77400000000002E-08,7.77400000000005E-09
-1.49,-8.93024E-08,-8.63E-10,0,-0.05,0.1,-8.93024E-09,-8.63E-11,7.83099999999999E-08,7.83100000000003E-09
-1.5,-9.00778E-08,-8.4452E-10,0,-0.05,0.1,-9.00778E-09,-8.4452E-11,7.847E-08,7.847E-09
-1.51,-9.08718E-08,-8.6538E-10,0,-0.05,0.1,-9.08718E-09,-8.6538E-11,7.61049999999998E-08,7.61049999999996E-09
-1.52,-9.15999E-08,-9.2176E-10,0,-0.05,0.1,-9.15999E-09,-9.2176E-11,7.42549999999997E-08,7.42549999999997E-09
-1.53,-9.23569E-08,-8.1494E-10,0,-0.05,0.1,-9.23569E-09,-8.1494E-11,7.55749999999996E-08,7.55749999999994E-09
-1.54,-9.31114E-08,-7.6322E-10,0,-0.05,0.1,-9.31114E-09,-7.6322E-11,7.55549999999998E-08,7.55550000000005E-09
-1.55,-9.3868E-08,-8.2552E-10,0,-0.05,0.1,-9.3868E-09,-8.2552E-11,7.58950000000004E-08,7.58950000000014E-09
-1.56,-9.46293E-08,-6.9988E-10,0,-0.05,0.1,-9.46293E-09,-6.9988E-11,7.41449999999997E-08,7.41449999999994E-09
-1.57,-9.53509E-08,-8.2707E-10,0,-0.05,0.1,-9.53509E-09,-8.2707E-11,7.38899999999998E-08,7.38899999999991E-09
-1.58,-9.61071E-08,-9.1976E-10,0,-0.05,0.1,-9.61071E-09,-9.1976E-11,7.48400000000002E-08,7.48400000000001E-09
-1.59,-9.68477E-08,-8.2753E-10,0,-0.05,0.1,-9.68477E-09,-8.2753E-11,7.27249999999997E-08,7.2725E-09
-1.6,-9.75616E-08,-7.8082E-10,0,-0.05,0.1,-9.75616E-09,-7.8082E-11,7.16399999999999E-08,7.16399999999999E-09
-1.61,-9.82805E-08,-8.0516E-10,0,-0.05,0.1,-9.82805E-09,-8.0516E-11,7.26100000000001E-08,7.26099999999997E-09
-1.62,-9.90138E-08,-7.2842E-10,0,-0.05,0.1,-9.90138E-09,-7.2842E-11,7.34550000000001E-08,7.34549999999994E-09
-1.63,-9.97496E-08,-7.9615E-10,0,-0.05,0.1,-9.97496E-09,-7.9615E-11,7.29549999999995E-08,7.29549999999997E-09
-1.64,-1.004729E-07,-8.9497E-10,0,-0.05,0.1,-1.004729E-08,-8.9497E-11,7.22749999999998E-08,7.22750000000005E-09
-1.65,-1.011951E-07,-7.8835E-10,0,-0.05,0.1,-1.011951E-08,-7.8835E-11,7.05850000000004E-08,7.05850000000003E-09
-1.66,-1.018846E-07,-8.1253E-10,0,-0.05,0.1,-1.018846E-08,-8.1253E-11,7.1335E-08,7.13350000000003E-09
-1.67,-1.026218E-07,-8.3226E-10,0,-0.05,0.1,-1.026218E-08,-8.3226E-11,7.218E-08,7.218E-09
-1.68,-1.033282E-07,-8.5328E-10,0,-0.05,0.1,-1.033282E-08,-8.5328E-11,6.95E-08,6.95000000000002E-09
-1.69,-1.040118E-07,-8.0196E-10,0,-0.05,0.1,-1.040118E-08,-8.0196E-11,7.021E-08,7.02099999999998E-09
-1.7,-1.047324E-07,-8.6567E-10,0,-0.05,0.1,-1.047324E-08,-8.6567E-11,6.9525E-08,6.95249999999999E-09
-1.71,-1.054023E-07,-8.4924E-10,0,-0.05,0.1,-1.054023E-08,-8.4924E-11,6.77050000000003E-08,6.77050000000003E-09
-1.72,-1.060865E-07,-7.6921E-10,0,-0.05,0.1,-1.060865E-08,-7.6921E-11,7.02000000000002E-08,7.01999999999999E-09
-1.73,-1.068063E-07,-8.7034E-10,0,-0.05,0.1,-1.068063E-08,-8.7034E-11,6.83650000000002E-08,6.83650000000007E-09
-1.74,-1.074538E-07,-8.71E-10,0,-0.05,0.1,-1.074538E-08,-8.71E-11,6.74649999999998E-08,6.7465E-09
-1.75,-1.081556E-07,-8.4674E-10,0,-0.05,0.1,-1.081556E-08,-8.4674E-11,6.77699999999998E-08,6.77699999999996E-09
-1.76,-1.088092E-07,-9.0069E-10,0,-0.05,0.1,-1.088092E-08,-9.0069E-11,6.57850000000003E-08,6.57849999999996E-09
-1.77,-1.094713E-07,-8.1863E-10,0,-0.05,0.1,-1.094713E-08,-8.1863E-11,6.78650000000003E-08,6.78650000000009E-09
-1.78,-1.101665E-07,-7.9885E-10,0,-0.05,0.1,-1.101665E-08,-7.9885E-11,6.81949999999996E-08,6.81950000000002E-09
-1.79,-1.108352E-07,-8.2074E-10,0,-0.05,0.1,-1.108352E-08,-8.2074E-11,6.77199999999997E-08,6.77199999999994E-09
-1.8,-1.115209E-07,-9.7368E-10,0,-0.05,0.1,-1.115209E-08,-9.7368E-11,6.85700000000007E-08,6.85700000000007E-09
0,-1.19E-12,5.68E-12,0,-0.05,0.2,-1.19E-13,5.68E-13,1.8E-11,1.8E-12
-0.01,-1.37E-12,-5.819E-11,0,-0.05,0.2,-1.37E-13,-5.819E-12,-1.4E-11,-1.4E-12
-0.02,-9.1E-13,-1.6748E-10,0,-0.05,0.2,-9.1E-14,-1.6748E-11,-1.15E-11,-1.15E-12
-0.03,-1.14E-12,-1.5211E-10,0,-0.05,0.2,-1.14E-13,-1.5211E-11,1.7E-11,1.7E-12
-0.04,-1.25E-12,-2.5128E-10,0,-0.05,0.2,-1.25E-13,-2.5128E-11,-1.5E-12,-1.50000000000001E-13
-0.05,-1.11E-12,-2.6216E-10,0,-0.05,0.2,-1.11E-13,-2.6216E-11,-2.6E-11,-2.6E-12
-0.06,-7.3E-13,-2.7957E-10,0,-0.05,0.2,-7.3E-14,-2.7957E-11,1.45E-11,1.45E-12
-0.07,-1.4E-12,-2.6759E-10,0,-0.05,0.2,-1.4E-13,-2.6759E-11,1.8E-11,1.8E-12
-0.08,-1.09E-12,-2.9309E-10,0,-0.05,0.2,-1.09E-13,-2.9309E-11,9.99999999999996E-13,9.99999999999995E-14
-0.09,-1.42E-12,-3.4361E-10,0,-0.05,0.2,-1.42E-13,-3.4361E-11,-4.5E-12,-4.5E-13
-0.1,-1E-12,-2.7481E-10,0,-0.05,0.2,-1E-13,-2.7481E-11,-1.5E-12,-1.50000000000001E-13
-0.11,-1.39E-12,-2.9329E-10,0,-0.05,0.2,-1.39E-13,-2.9329E-11,2E-12,2E-13
-0.12,-1.04E-12,-3.6691E-10,0,-0.05,0.2,-1.04E-13,-3.6691E-11,2E-12,2E-13
-0.13,-1.43E-12,-3.6471E-10,0,-0.05,0.2,-1.43E-13,-3.6471E-11,3.35E-11,3.35E-12
-0.14,-1.71E-12,-3.2882E-10,0,-0.05,0.2,-1.71E-13,-3.2882E-11,7E-12,7E-13
-0.15,-1.57E-12,-3.9039E-10,0,-0.05,0.2,-1.57E-13,-3.9039E-11,-3.2E-11,-3.2E-12
-0.16,-1.07E-12,-3.7589E-10,0,-0.05,0.2,-1.07E-13,-3.7589E-11,1.35E-11,1.35E-12
-0.17,-1.84E-12,-4.1755E-10,0,-0.05,0.2,-1.84E-13,-4.1755E-11,9.99999999999999E-12,9.99999999999999E-13
-0.18,-1.27E-12,-3.8653E-10,0,-0.05,0.2,-1.27E-13,-3.8653E-11,3.55E-11,3.55E-12
-0.19,-2.55E-12,-4.0201E-10,0,-0.05,0.2,-2.55E-13,-4.0201E-11,7.05E-11,7.05E-12
-0.2,-2.68E-12,-5.245E-10,0,-0.05,0.2,-2.68E-13,-5.245E-11,5.6E-11,5.6E-12
-0.21,-3.67E-12,-3.415E-10,0,-0.05,0.2,-3.67E-13,-3.415E-11,5.1E-11,5.1E-12
-0.22,-3.7E-12,-4.3549E-10,0,-0.05,0.2,-3.7E-13,-4.3549E-11,8.3E-11,8.3E-12
-0.23,-5.33E-12,-4.1203E-10,0,-0.05,0.2,-5.33E-13,-4.1203E-11,1.375E-10,1.375E-11
-0.24,-6.45E-12,-4.0036E-10,0,-0.05,0.2,-6.45E-13,-4.0036E-11,1.815E-10,1.815E-11
-0.25,-8.96E-12,-4.2367E-10,0,-0.05,0.2,-8.96E-13,-4.2367E-11,2.235E-10,2.235E-11
-0.26,-1.092E-11,-5.0775E-10,0,-0.05,0.2,-1.092E-12,-5.0775E-11,3.165E-10,3.165E-11
-0.27,-1.529E-11,-4.3106E-10,0,-0.05,0.2,-1.529E-12,-4.3106E-11,4.585E-10,4.585E-11
-0.28,-2.009E-11,-3.7821E-10,0,-0.05,0.2,-2.009E-12,-3.7821E-11,6.22E-10,6.22E-11
-0.29,-2.773E-11,-4.62E-10,0,-0.05,0.2,-2.773E-12,-4.62E-11,8.57500000000002E-10,8.57500000000001E-11
-0.3,-3.724E-11,-4.0042E-10,0,-0.05,0.2,-3.724E-12,-4.0042E-11,1.142E-09,1.142E-10
-0.31,-5.057E-11,-5.5059E-10,0,-0.05,0.2,-5.057E-12,-5.5059E-11,1.545E-09,1.545E-10
-0.32,-6.814E-11,-4.4832E-10,0,-0.05,0.2,-6.814E-12,-4.4832E-11,2.0825E-09,2.0825E-10
-0.33,-9.222E-11,-4.4076E-10,0,-0.05,0.2,-9.222E-12,-4.4076E-11,2.784E-09,2.784E-10
-0.34,-1.2382E-10,-4.9189E-10,0,-0.05,0.2,-1.2382E-11,-4.9189E-11,3.65E-09,3.65E-10
-0.35,-1.6522E-10,-3.8908E-10,0,-0.05,0.2,-1.6522E-11,-3.8908E-11,4.7545E-09,4.7545E-10
-0.36,-2.1891E-10,-4.3008E-10,0,-0.05,0.2,-2.1891E-11,-4.3008E-11,6.18850000000001E-09,6.18850000000001E-10
-0.37,-2.8899E-10,-4.4055E-10,0,-0.05,0.2,-2.8899E-11,-4.4055E-11,7.72950000000001E-09,7.72950000000002E-10
-0.38,-3.735E-10,-5.142E-10,0,-0.05,0.2,-3.735E-11,-5.142E-11,9.99099999999999E-09,9.99099999999999E-10
-0.39,-4.8881E-10,-4.7939E-10,0,-0.05,0.2,-4.8881E-11,-4.7939E-11,1.22495E-08,1.22495E-09
-0.4,-6.1849E-10,-5.7652E-10,0,-0.05,0.2,-6.1849E-11,-5.7652E-11,1.51215E-08,1.51215E-09
-0.41,-7.9124E-10,-4.3384E-10,0,-0.05,0.2,-7.9124E-11,-4.3384E-11,1.80355E-08,1.80355E-09
-0.42,-9.792E-10,-5.7012E-10,0,-0.05,0.2,-9.792E-11,-5.7012E-11,2.1587E-08,2.1587E-09
-0.43,-1.22298E-09,-5.1424E-10,0,-0.05,0.2,-1.22298E-10,-5.1424E-11,2.49005E-08,2.49005E-09
-0.44,-1.47721E-09,-4.3158E-10,0,-0.05,0.2,-1.47721E-10,-4.3158E-11,2.8987E-08,2.8987E-09
-0.45,-1.80272E-09,-4.4694E-10,0,-0.05,0.2,-1.80272E-10,-4.4694E-11,3.27665E-08,3.27665E-09
-0.46,-2.13254E-09,-5.2086E-10,0,-0.05,0.2,-2.13254E-10,-5.2086E-11,3.5728E-08,3.5728E-09
-0.47,-2.51728E-09,-5.4087E-10,0,-0.05,0.2,-2.51728E-10,-5.4087E-11,4.03445E-08,4.03445E-09
-0.48,-2.93943E-09,-5.2751E-10,0,-0.05,0.2,-2.93943E-10,-5.2751E-11,4.4235E-08,4.42349999999999E-09
-0.49,-3.40198E-09,-5.6682E-10,0,-0.05,0.2,-3.40198E-10,-5.6682E-11,4.84795000000001E-08,4.84795000000001E-09
-0.5,-3.90902E-09,-5.3826E-10,0,-0.05,0.2,-3.90902E-10,-5.3826E-11,5.22780000000001E-08,5.22780000000001E-09
-0.51,-4.44754E-09,-4.6985E-10,0,-0.05,0.2,-4.44754E-10,-4.6985E-11,5.5324E-08,5.5324E-09
-0.52,-5.0155E-09,-4.6023E-10,0,-0.05,0.2,-5.0155E-10,-4.6023E-11,5.83884999999999E-08,5.83884999999999E-09
-0.53,-5.61531E-09,-5.0556E-10,0,-0.05,0.2,-5.61531E-10,-5.0556E-11,6.14229999999999E-08,6.14229999999999E-09
-0.54,-6.24396E-09,-5.3028E-10,0,-0.05,0.2,-6.24396E-10,-5.3028E-11,6.4711E-08,6.4711E-09
-0.55,-6.90953E-09,-5.3187E-10,0,-0.05,0.2,-6.90953E-10,-5.3187E-11,6.73044999999999E-08,6.73044999999999E-09
-0.56,-7.59005E-09,-4.5403E-10,0,-0.05,0.2,-7.59005E-10,-4.5403E-11,6.95799999999999E-08,6.95799999999998E-09
-0.57,-8.30113E-09,-5.9083E-10,0,-0.05,0.2,-8.30113E-10,-5.9083E-11,7.17629999999999E-08,7.17629999999999E-09
-0.58,-9.02531E-09,-5.7735E-10,0,-0.05,0.2,-9.02531E-10,-5.7735E-11,7.41705E-08,7.41705E-09
-0.59,-9.78454E-09,-5.9793E-10,0,-0.05,0.2,-9.78454E-10,-5.9793E-11,7.63645000000003E-08,7.63645000000003E-09
-0.6,-1.05526E-08,-5.7401E-10,0,-0.05,0.2,-1.05526E-09,-5.7401E-11,7.72680000000003E-08,7.72680000000002E-09
-0.61,-1.13299E-08,-6.0555E-10,0,-0.05,0.2,-1.13299E-09,-6.0555E-11,7.86099999999999E-08,7.86099999999999E-09
-0.62,-1.21248E-08,-6.373E-10,0,-0.05,0.2,-1.21248E-09,-6.373E-11,7.92449999999999E-08,7.9245E-09
-0.63,-1.29148E-08,-5.8792E-10,0,-0.05,0.2,-1.29148E-09,-5.8792E-11,8.05099999999999E-08,8.05099999999999E-09
-0.64,-1.3735E-08,-5.8696E-10,0,-0.05,0.2,-1.3735E-09,-5.8696E-11,8.10599999999999E-08,8.10599999999999E-09
-0.65,-1.4536E-08,-5.8214E-10,0,-0.05,0.2,-1.4536E-09,-5.8214E-11,8.155E-08,8.155E-09
-0.66,-1.5366E-08,-5.8639E-10,0,-0.05,0.2,-1.5366E-09,-5.8639E-11,8.30599999999998E-08,8.30599999999999E-09
-0.67,-1.61972E-08,-6.2477E-10,0,-0.05,0.2,-1.61972E-09,-6.2477E-11,8.32699999999998E-08,8.32699999999998E-09
-0.68,-1.70314E-08,-5.2107E-10,0,-0.05,0.2,-1.70314E-09,-5.2107E-11,8.43099999999999E-08,8.43099999999999E-09
-0.69,-1.78834E-08,-5.9259E-10,0,-0.05,0.2,-1.78834E-09,-5.9259E-11,8.491E-08,8.491E-09
-0.7,-1.87296E-08,-6.2089E-10,0,-0.05,0.2,-1.87296E-09,-6.2089E-11,8.53649999999999E-08,8.53649999999998E-09
-0.71,-1.95907E-08,-5.3794E-10,0,-0.05,0.2,-1.95907E-09,-5.3794E-11,8.5535E-08,8.55349999999999E-09
-0.72,-2.04403E-08,-6.2586E-10,0,-0.05,0.2,-2.04403E-09,-6.2586E-11,8.57450000000004E-08,8.57450000000007E-09
-0.73,-2.13056E-08,-7.0298E-10,0,-0.05,0.2,-2.13056E-09,-7.0298E-11,8.58800000000003E-08,8.58800000000003E-09
-0.74,-2.21579E-08,-6.0526E-10,0,-0.05,0.2,-2.21579E-09,-6.0526E-11,8.66E-08,8.65999999999998E-09
-0.75,-2.30376E-08,-6.2129E-10,0,-0.05,0.2,-2.30376E-09,-6.2129E-11,8.72349999999999E-08,8.7235E-09
-0.76,-2.39026E-08,-5.7939E-10,0,-0.05,0.2,-2.39026E-09,-5.7939E-11,8.70899999999999E-08,8.70899999999999E-09
-0.77,-2.47794E-08,-6.0812E-10,0,-0.05,0.2,-2.47794E-09,-6.0812E-11,8.80749999999999E-08,8.80749999999997E-09
-0.78,-2.56641E-08,-6.2494E-10,0,-0.05,0.2,-2.56641E-09,-6.2494E-11,8.79049999999999E-08,8.79049999999999E-09
-0.79,-2.65375E-08,-6.0343E-10,0,-0.05,0.2,-2.65375E-09,-6.0343E-11,8.81000000000001E-08,8.81000000000001E-09
-0.8,-2.74261E-08,-7.1022E-10,0,-0.05,0.2,-2.74261E-09,-7.1022E-11,8.79449999999998E-08,8.79449999999997E-09
-0.81,-2.82964E-08,-6.2574E-10,0,-0.05,0.2,-2.82964E-09,-6.2574E-11,8.79949999999998E-08,8.79949999999999E-09
-0.82,-2.9186E-08,-6.3781E-10,0,-0.05,0.2,-2.9186E-09,-6.3781E-11,8.90550000000001E-08,8.90550000000001E-09
-0.83,-3.00775E-08,-5.6428E-10,0,-0.05,0.2,-3.00775E-09,-5.6428E-11,8.865E-08,8.86499999999998E-09
-0.84,-3.0959E-08,-6.3946E-10,0,-0.05,0.2,-3.0959E-09,-6.3946E-11,8.82949999999999E-08,8.8295E-09
-0.85,-3.18434E-08,-5.8876E-10,0,-0.05,0.2,-3.18434E-09,-5.8876E-11,8.86600000000002E-08,8.86600000000004E-09
-0.86,-3.27322E-08,-7.6132E-10,0,-0.05,0.2,-3.27322E-09,-7.6132E-11,8.96600000000004E-08,8.96600000000003E-09
-0.87,-3.36366E-08,-6.7243E-10,0,-0.05,0.2,-3.36366E-09,-6.7243E-11,8.89549999999998E-08,8.89549999999996E-09
-0.88,-3.45113E-08,-7.4464E-10,0,-0.05,0.2,-3.45113E-09,-7.4464E-11,8.79599999999999E-08,8.79600000000001E-09
-0.89,-3.53958E-08,-6.5737E-10,0,-0.05,0.2,-3.53958E-09,-6.5737E-11,8.93300000000002E-08,8.93300000000003E-09
-0.9,-3.62979E-08,-6.2951E-10,0,-0.05,0.2,-3.62979E-09,-6.2951E-11,8.93649999999998E-08,8.93649999999999E-09
-0.91,-3.71831E-08,-5.1765E-10,0,-0.05,0.2,-3.71831E-09,-5.1765E-11,8.83649999999997E-08,8.83649999999997E-09
-0.92,-3.80652E-08,-5.6001E-10,0,-0.05,0.2,-3.80652E-09,-5.6001E-11,9.00099999999999E-08,9.00099999999997E-09
-0.93,-3.89833E-08,-6.3935E-10,0,-0.05,0.2,-3.89833E-09,-6.3935E-11,8.94250000000001E-08,8.94250000000002E-09
-0.94,-3.98537E-08,-6.8612E-10,0,-0.05,0.2,-3.98537E-09,-6.8612E-11,8.853E-08,8.85299999999998E-09
-0.95,-4.07539E-08,-6.6925E-10,0,-0.05,0.2,-4.07539E-09,-6.6925E-11,8.968E-08,8.96799999999996E-09
-0.96,-4.16473E-08,-5.8575E-10,0,-0.05,0.2,-4.16473E-09,-5.8575E-11,8.924E-08,8.92400000000003E-09
-0.97,-4.25387E-08,-6.1737E-10,0,-0.05,0.2,-4.25387E-09,-6.1737E-11,8.93849999999999E-08,8.93850000000002E-09
-0.98,-4.3435E-08,-6.9029E-10,0,-0.05,0.2,-4.3435E-09,-6.9029E-11,8.93299999999999E-08,8.93300000000001E-09
-0.99,-4.43253E-08,-6.5917E-10,0,-0.05,0.2,-4.43253E-09,-6.5917E-11,8.89250000000003E-08,8.89250000000005E-09
-1,-4.52135E-08,-5.8621E-10,0,-0.05,0.2,-4.52135E-09,-5.8621E-11,8.82750000000003E-08,8.82749999999997E-09
-1.01,-4.60908E-08,-6.0966E-10,0,-0.05,0.2,-4.60908E-09,-6.0966E-11,8.8855E-08,8.8855E-09
-1.02,-4.69906E-08,-5.8659E-10,0,-0.05,0.2,-4.69906E-09,-5.8659E-11,8.93950000000001E-08,8.93950000000005E-09
-1.03,-4.78787E-08,-7.5508E-10,0,-0.05,0.2,-4.78787E-09,-7.5508E-11,8.77299999999997E-08,8.77299999999996E-09
-1.04,-4.87452E-08,-6.3042E-10,0,-0.05,0.2,-4.87452E-09,-6.3042E-11,8.75699999999997E-08,8.75699999999994E-09
-1.05,-4.96301E-08,-5.694E-10,0,-0.05,0.2,-4.96301E-09,-5.694E-11,8.9705E-08,8.97049999999997E-09
-1.06,-5.05393E-08,-5.4567E-10,0,-0.05,0.2,-5.05393E-09,-5.4567E-11,8.9705E-08,8.97050000000001E-09
-1.07,-5.14242E-08,-5.4285E-10,0,-0.05,0.2,-5.14242E-09,-5.4285E-11,8.71999999999999E-08,8.72000000000002E-09
-1.08,-5.22833E-08,-5.5012E-10,0,-0.05,0.2,-5.22833E-09,-5.5012E-11,8.6945E-08,8.6945E-09
-1.09,-5.31631E-08,-5.5978E-10,0,-0.05,0.2,-5.31631E-09,-5.5978E-11,8.83999999999999E-08,8.83999999999997E-09
-1.1,-5.40513E-08,-6.0498E-10,0,-0.05,0.2,-5.40513E-09,-6.0498E-11,8.76899999999999E-08,8.76899999999996E-09
-1.11,-5.49169E-08,-6.7666E-10,0,-0.05,0.2,-5.49169E-09,-6.7666E-11,8.71149999999999E-08,8.7115E-09
-1.12,-5.57936E-08,-5.205E-10,0,-0.05,0.2,-5.57936E-09,-5.205E-11,8.7165E-08,8.71650000000002E-09
-1.13,-5.66602E-08,-6.5551E-10,0,-0.05,0.2,-5.66602E-09,-6.5551E-11,8.75299999999998E-08,8.75299999999999E-09
-1.14,-5.75442E-08,-6.3052E-10,0,-0.05,0.2,-5.75442E-09,-6.3052E-11,8.7985E-08,8.79849999999998E-09
-1.15,-5.84199E-08,-6.0984E-10,0,-0.05,0.2,-5.84199E-09,-6.0984E-11,8.73849999999999E-08,8.7385E-09
-1.16,-5.92919E-08,-6.6297E-10,0,-0.05,0.2,-5.92919E-09,-6.6297E-11,8.56800000000001E-08,8.56800000000004E-09
-1.17,-6.01335E-08,-6.8364E-10,0,-0.05,0.2,-6.01335E-09,-6.8364E-11,8.61350000000002E-08,8.61349999999998E-09
-1.18,-6.10146E-08,-5.1447E-10,0,-0.05,0.2,-6.10146E-09,-5.1447E-11,8.65400000000005E-08,8.65400000000005E-09
-1.19,-6.18643E-08,-6.3836E-10,0,-0.05,0.2,-6.18643E-09,-6.3836E-11,8.67250000000006E-08,8.67250000000007E-09
-1.2,-6.27491E-08,-6.0695E-10,0,-0.05,0.2,-6.27491E-09,-6.0695E-11,8.5765E-08,8.57650000000002E-09
-1.21,-6.35796E-08,-5.5499E-10,0,-0.05,0.2,-6.35796E-09,-5.5499E-11,8.44149999999998E-08,8.4415E-09
-1.22,-6.44374E-08,-6.2296E-10,0,-0.05,0.2,-6.44374E-09,-6.2296E-11,8.48149999999996E-08,8.48149999999993E-09
-1.23,-6.52759E-08,-6.1161E-10,0,-0.05,0.2,-6.52759E-09,-6.1161E-11,8.4785E-08,8.47850000000001E-09
-1.24,-6.61331E-08,-5.6496E-10,0,-0.05,0.2,-6.61331E-09,-5.6496E-11,8.50850000000003E-08,8.50850000000001E-09
-1.25,-6.69776E-08,-7.157E-10,0,-0.05,0.2,-6.69776E-09,-7.157E-11,8.38749999999997E-08,8.38749999999995E-09
-1.26,-6.78106E-08,-6.8008E-10,0,-0.05,0.2,-6.78106E-09,-6.8008E-11,8.35849999999999E-08,8.35850000000001E-09
-1.27,-6.86493E-08,-7.0417E-10,0,-0.05,0.2,-6.86493E-09,-7.0417E-11,8.41550000000003E-08,8.41550000000002E-09
-1.28,-6.94937E-08,-6.2953E-10,0,-0.05,0.2,-6.94937E-09,-6.2953E-11,8.32349999999995E-08,8.32349999999994E-09
-1.29,-7.0314E-08,-6.4695E-10,0,-0.05,0.2,-7.0314E-09,-6.4695E-11,8.36749999999995E-08,8.36749999999994E-09
-1.3,-7.11672E-08,-6.2633E-10,0,-0.05,0.2,-7.11672E-09,-6.2633E-11,8.35849999999999E-08,8.35850000000001E-09
-1.31,-7.19857E-08,-6.7382E-10,0,-0.05,0.2,-7.19857E-09,-6.7382E-11,8.09250000000004E-08,8.09250000000005E-09
-1.32,-7.27857E-08,-5.9459E-10,0,-0.05,0.2,-7.27857E-09,-5.9459E-11,8.17300000000002E-08,8.17300000000002E-09
-1.33,-7.36203E-08,-6.3399E-10,0,-0.05,0.2,-7.36203E-09,-6.3399E-11,8.18699999999999E-08,8.18699999999998E-09
-1.34,-7.44231E-08,-6.2226E-10,0,-0.05,0.2,-7.44231E-09,-6.2226E-11,8.23799999999996E-08,8.23799999999994E-09
-1.35,-7.52679E-08,-7.1408E-10,0,-0.05,0.2,-7.52679E-09,-7.1408E-11,8.2435E-08,8.24350000000004E-09
-1.36,-7.60718E-08,-6.3096E-10,0,-0.05,0.2,-7.60718E-09,-6.3096E-11,8.08799999999999E-08,8.08800000000006E-09
-1.37,-7.68855E-08,-6.5625E-10,0,-0.05,0.2,-7.68855E-09,-6.5625E-11,7.92099999999996E-08,7.92099999999993E-09
-1.38,-7.7656E-08,-7.3577E-10,0,-0.05,0.2,-7.7656E-09,-7.3577E-11,7.86249999999998E-08,7.86249999999998E-09
-1.39,-7.8458E-08,-7.049E-10,0,-0.05,0.2,-7.8458E-09,-7.049E-11,8.01750000000002E-08,8.0175E-09
-1.4,-7.92595E-08,-6.5379E-10,0,-0.05,0.2,-7.92595E-09,-6.5379E-11,7.88950000000005E-08,7.88950000000006E-09
-1.41,-8.00359E-08,-6.1169E-10,0,-0.05,0.2,-8.00359E-09,-6.1169E-11,8.02499999999996E-08,8.02499999999999E-09
-1.42,-8.08645E-08,-6.4463E-10,0,-0.05,0.2,-8.08645E-09,-6.4463E-11,8.00699999999998E-08,8.00699999999996E-09
-1.43,-8.16373E-08,-6.1719E-10,0,-0.05,0.2,-8.16373E-09,-6.1719E-11,7.81200000000002E-08,7.81200000000001E-09
-1.44,-8.24269E-08,-5.5351E-10,0,-0.05,0.2,-8.24269E-09,-5.5351E-11,7.85399999999998E-08,7.85399999999991E-09
-1.45,-8.32081E-08,-6.9903E-10,0,-0.05,0.2,-8.32081E-09,-6.9903E-11,7.78500000000004E-08,7.78500000000009E-09
-1.46,-8.39839E-08,-5.5922E-10,0,-0.05,0.2,-8.39839E-09,-5.5922E-11,7.76850000000007E-08,7.76850000000004E-09
-1.47,-8.47618E-08,-6.5071E-10,0,-0.05,0.2,-8.47618E-09,-6.5071E-11,7.60150000000002E-08,7.60149999999991E-09
-1.48,-8.55042E-08,-7.013E-10,0,-0.05,0.2,-8.55042E-09,-7.013E-11,7.62249999999997E-08,7.62250000000007E-09
-1.49,-8.62863E-08,-6.047E-10,0,-0.05,0.2,-8.62863E-09,-6.047E-11,7.66149999999996E-08,7.66150000000001E-09
-1.5,-8.70365E-08,-5.8838E-10,0,-0.05,0.2,-8.70365E-09,-5.8838E-11,7.63500000000005E-08,7.635E-09
-1.51,-8.78133E-08,-5.9826E-10,0,-0.05,0.2,-8.78133E-09,-5.9826E-11,7.58950000000004E-08,7.58950000000005E-09
-1.52,-8.85544E-08,-6.162E-10,0,-0.05,0.2,-8.85544E-09,-6.162E-11,7.55849999999995E-08,7.55849999999993E-09
-1.53,-8.9325E-08,-6.3628E-10,0,-0.05,0.2,-8.9325E-09,-6.3628E-11,7.5215E-08,7.52149999999997E-09
-1.54,-9.00587E-08,-6.2042E-10,0,-0.05,0.2,-9.00587E-09,-6.2042E-11,7.47300000000002E-08,7.47300000000006E-09
-1.55,-9.08196E-08,-5.963E-10,0,-0.05,0.2,-9.08196E-09,-5.963E-11,7.54399999999996E-08,7.54400000000002E-09
-1.56,-9.15675E-08,-6.5105E-10,0,-0.05,0.2,-9.15675E-09,-6.5105E-11,7.409E-08,7.409E-09
-1.57,-9.23014E-08,-6.4031E-10,0,-0.05,0.2,-9.23014E-09,-6.4031E-11,7.25549999999998E-08,7.25549999999996E-09
-1.58,-9.30186E-08,-6.907E-10,0,-0.05,0.2,-9.30186E-09,-6.907E-11,7.28199999999995E-08,7.28199999999997E-09
-1.59,-9.37578E-08,-6.4266E-10,0,-0.05,0.2,-9.37578E-09,-6.4266E-11,7.448E-08,7.44800000000003E-09
-1.6,-9.45082E-08,-5.9247E-10,0,-0.05,0.2,-9.45082E-09,-5.9247E-11,7.39399999999999E-08,7.39399999999994E-09
-1.61,-9.52366E-08,-6.2073E-10,0,-0.05,0.2,-9.52366E-09,-6.2073E-11,7.27600000000002E-08,7.27599999999996E-09
-1.62,-9.59634E-08,-5.1056E-10,0,-0.05,0.2,-9.59634E-09,-5.1056E-11,7.14799999999999E-08,7.14799999999994E-09
-1.63,-9.66662E-08,-5.8375E-10,0,-0.05,0.2,-9.66662E-09,-5.8375E-11,7.22949999999996E-08,7.22950000000003E-09
-1.64,-9.74093E-08,-4.8826E-10,0,-0.05,0.2,-9.74093E-09,-4.8826E-11,7.13099999999999E-08,7.13099999999998E-09
-1.65,-9.80924E-08,-5.8086E-10,0,-0.05,0.2,-9.80924E-09,-5.8086E-11,7.06950000000004E-08,7.06949999999998E-09
-1.66,-9.88232E-08,-6.079E-10,0,-0.05,0.2,-9.88232E-09,-6.079E-11,7.26400000000004E-08,7.2640000000001E-09
-1.67,-9.95452E-08,-5.1909E-10,0,-0.05,0.2,-9.95452E-09,-5.1909E-11,6.86399999999998E-08,6.86399999999998E-09
-1.68,-1.00196E-07,-5.4481E-10,0,-0.05,0.2,-1.00196E-08,-5.4481E-11,6.76999999999999E-08,6.77000000000004E-09
-1.69,-1.008992E-07,-5.8695E-10,0,-0.05,0.2,-1.008992E-08,-5.8695E-11,7.01049999999996E-08,7.01050000000003E-09
-1.7,-1.015981E-07,-6.0425E-10,0,-0.05,0.2,-1.015981E-08,-6.0425E-11,7.16249999999998E-08,7.16249999999993E-09
-1.71,-1.023317E-07,-5.666E-10,0,-0.05,0.2,-1.023317E-08,-5.666E-11,7.16100000000011E-08,7.16100000000002E-09
-1.72,-1.030303E-07,-5.9937E-10,0,-0.05,0.2,-1.030303E-08,-5.9937E-11,7.02800000000006E-08,7.02800000000006E-09
-1.73,-1.037373E-07,-4.9971E-10,0,-0.05,0.2,-1.037373E-08,-4.9971E-11,6.97649999999998E-08,6.97650000000003E-09
-1.74,-1.044256E-07,-6.4683E-10,0,-0.05,0.2,-1.044256E-08,-6.4683E-11,6.78900000000003E-08,6.78899999999998E-09
-1.75,-1.050951E-07,-5.9889E-10,0,-0.05,0.2,-1.050951E-08,-5.9889E-11,6.60449999999998E-08,6.60449999999998E-09
-1.76,-1.057465E-07,-6.0469E-10,0,-0.05,0.2,-1.057465E-08,-6.0469E-11,6.60549999999997E-08,6.60549999999997E-09
-1.77,-1.064162E-07,-5.7926E-10,0,-0.05,0.2,-1.064162E-08,-5.7926E-11,6.72150000000002E-08,6.72149999999997E-09
-1.78,-1.070908E-07,-6.0019E-10,0,-0.05,0.2,-1.070908E-08,-6.0019E-11,6.737E-08,6.73700000000011E-09
-1.79,-1.077636E-07,-6.6293E-10,0,-0.05,0.2,-1.077636E-08,-6.6293E-11,6.50749999999996E-08,6.50749999999999E-09
-1.8,-1.083923E-07,-6.7527E-10,0,-0.05,0.2,-1.083923E-08,-6.7527E-11,6.28699999999995E-08,6.28699999999985E-09
0,-1.27E-12,6.065E-11,0,-0.05,0.3,-1.27E-13,6.065E-12,1.2E-11,1.2E-12
-0.01,-1.39E-12,3.976E-11,0,-0.05,0.3,-1.39E-13,3.976E-12,-9E-12,-9E-13
-0.02,-1.09E-12,-1.135E-11,0,-0.05,0.3,-1.09E-13,-1.135E-12,7E-12,6.99999999999999E-13
-0.03,-1.53E-12,-5.217E-11,0,-0.05,0.3,-1.53E-13,-5.217E-12,9E-12,9E-13
-0.04,-1.27E-12,-7.668E-11,0,-0.05,0.3,-1.27E-13,-7.668E-12,-1.45E-11,-1.45E-12
-0.05,-1.24E-12,-7.14E-11,0,-0.05,0.3,-1.24E-13,-7.14E-12,-2.2E-11,-2.2E-12
-0.06,-8.3E-13,-4.952E-11,0,-0.05,0.3,-8.3E-14,-4.952E-12,-1.35E-11,-1.35E-12
-0.07,-9.7E-13,-1.167E-10,0,-0.05,0.3,-9.7E-14,-1.167E-11,2.9E-11,2.9E-12
-0.08,-1.41E-12,-1.2907E-10,0,-0.05,0.3,-1.41E-13,-1.2907E-11,-1.99999999999999E-12,-1.99999999999999E-13
-0.09,-9.3E-13,-1.1502E-10,0,-0.05,0.3,-9.3E-14,-1.1502E-11,-1.4E-11,-1.4E-12
-0.1,-1.13E-12,-1.3138E-10,0,-0.05,0.3,-1.13E-13,-1.3138E-11,5E-12,5E-13
-0.11,-1.03E-12,-1.6753E-10,0,-0.05,0.3,-1.03E-13,-1.6753E-11,9.5E-12,9.5E-13
-0.12,-1.32E-12,-1.7476E-10,0,-0.05,0.3,-1.32E-13,-1.7476E-11,4.5E-12,4.5E-13
-0.13,-1.12E-12,-1.7366E-10,0,-0.05,0.3,-1.12E-13,-1.7366E-11,4.5E-12,4.50000000000001E-13
-0.14,-1.41E-12,-1.9869E-10,0,-0.05,0.3,-1.41E-13,-1.9869E-11,2.15E-11,2.15E-12
-0.15,-1.55E-12,-2.189E-10,0,-0.05,0.3,-1.55E-13,-2.189E-11,-4.5E-12,-4.50000000000001E-13
-0.16,-1.32E-12,-2.4702E-10,0,-0.05,0.3,-1.32E-13,-2.4702E-11,-1.5E-11,-1.5E-12
-0.17,-1.25E-12,-1.9617E-10,0,-0.05,0.3,-1.25E-13,-1.9617E-11,7.99999999999999E-12,7.99999999999998E-13
-0.18,-1.48E-12,-2.6751E-10,0,-0.05,0.3,-1.48E-13,-2.6751E-11,9.5E-12,9.5E-13
-0.19,-1.44E-12,-2.1877E-10,0,-0.05,0.3,-1.44E-13,-2.1877E-11,1.8E-11,1.8E-12
-0.2,-1.84E-12,-1.8491E-10,0,-0.05,0.3,-1.84E-13,-1.8491E-11,3.35E-11,3.35E-12
-0.21,-2.11E-12,-2.2326E-10,0,-0.05,0.3,-2.11E-13,-2.2326E-11,4.05E-11,4.05E-12
-0.22,-2.65E-12,-2.2786E-10,0,-0.05,0.3,-2.65E-13,-2.2786E-11,4.95E-11,4.95E-12
-0.23,-3.1E-12,-2.5909E-10,0,-0.05,0.3,-3.1E-13,-2.5909E-11,6.19999999999999E-11,6.19999999999999E-12
-0.24,-3.89E-12,-3.5015E-10,0,-0.05,0.3,-3.89E-13,-3.5015E-11,7.35E-11,7.35E-12
-0.25,-4.57E-12,-2.8259E-10,0,-0.05,0.3,-4.57E-13,-2.8259E-11,1.34E-10,1.34E-11
-0.26,-6.57E-12,-1.7269E-10,0,-0.05,0.3,-6.57E-13,-1.7269E-11,1.725E-10,1.725E-11
-0.27,-8.02E-12,-2.8685E-10,0,-0.05,0.3,-8.02E-13,-2.8685E-11,2.205E-10,2.205E-11
-0.28,-1.098E-11,-2.5972E-10,0,-0.05,0.3,-1.098E-12,-2.5972E-11,3.19E-10,3.19E-11
-0.29,-1.44E-11,-3.3435E-10,0,-0.05,0.3,-1.44E-12,-3.3435E-11,4.37500000000001E-10,4.37500000000001E-11
-0.3,-1.973E-11,-3.1279E-10,0,-0.05,0.3,-1.973E-12,-3.1279E-11,6.00000000000001E-10,6.00000000000001E-11
-0.31,-2.64E-11,-2.2713E-10,0,-0.05,0.3,-2.64E-12,-2.2713E-11,8.08499999999999E-10,8.08499999999999E-11
-0.32,-3.59E-11,-3.3099E-10,0,-0.05,0.3,-3.59E-12,-3.3099E-11,1.1185E-09,1.1185E-10
-0.33,-4.877E-11,-3.4742E-10,0,-0.05,0.3,-4.877E-12,-3.4742E-11,1.5365E-09,1.5365E-10
-0.34,-6.663E-11,-2.9732E-10,0,-0.05,0.3,-6.663E-12,-2.9732E-11,2.043E-09,2.043E-10
-0.35,-8.963E-11,-3.8155E-10,0,-0.05,0.3,-8.963E-12,-3.8155E-11,2.716E-09,2.716E-10
-0.36,-1.2095E-10,-3.8657E-10,0,-0.05,0.3,-1.2095E-11,-3.8657E-11,3.60300000000001E-09,3.60300000000001E-10
-0.37,-1.6169E-10,-2.5309E-10,0,-0.05,0.3,-1.6169E-11,-2.5309E-11,4.58550000000001E-09,4.58550000000001E-10
-0.38,-2.1266E-10,-2.8977E-10,0,-0.05,0.3,-2.1266E-11,-2.8977E-11,6.11599999999999E-09,6.11599999999999E-10
-0.39,-2.8401E-10,-3.3222E-10,0,-0.05,0.3,-2.8401E-11,-3.3222E-11,7.68749999999999E-09,7.68749999999999E-10
-0.4,-3.6641E-10,-3.1991E-10,0,-0.05,0.3,-3.6641E-11,-3.1991E-11,9.77499999999999E-09,9.775E-10
-0.41,-4.7951E-10,-2.8358E-10,0,-0.05,0.3,-4.7951E-11,-2.8358E-11,1.2053E-08,1.2053E-09
-0.42,-6.0747E-10,-3.4255E-10,0,-0.05,0.3,-6.0747E-11,-3.4255E-11,1.48555E-08,1.48555E-09
-0.43,-7.7662E-10,-3.773E-10,0,-0.05,0.3,-7.7662E-11,-3.773E-11,1.76255E-08,1.76255E-09
-0.44,-9.5998E-10,-3.976E-10,0,-0.05,0.3,-9.5998E-11,-3.976E-11,2.113E-08,2.113E-09
-0.45,-1.19922E-09,-3.6076E-10,0,-0.05,0.3,-1.19922E-10,-3.6076E-11,2.4386E-08,2.4386E-09
-0.46,-1.4477E-09,-2.8735E-10,0,-0.05,0.3,-1.4477E-10,-2.8735E-11,2.8358E-08,2.8358E-09
-0.47,-1.76638E-09,-3.773E-10,0,-0.05,0.3,-1.76638E-10,-3.773E-11,3.19755E-08,3.19755E-09
-0.48,-2.08721E-09,-3.6667E-10,0,-0.05,0.3,-2.08721E-10,-3.6667E-11,3.4835E-08,3.4835E-09
-0.49,-2.46308E-09,-3.6087E-10,0,-0.05,0.3,-2.46308E-10,-3.6087E-11,3.96935000000001E-08,3.96935000000001E-09
-0.5,-2.88108E-09,-4.1025E-10,0,-0.05,0.3,-2.88108E-10,-4.1025E-11,4.36325000000001E-08,4.36325000000001E-09
-0.51,-3.33573E-09,-3.6899E-10,0,-0.05,0.3,-3.33573E-10,-3.6899E-11,4.7357E-08,4.7357E-09
-0.52,-3.82822E-09,-3.7028E-10,0,-0.05,0.3,-3.82822E-10,-3.7028E-11,5.06345E-08,5.06344999999999E-09
-0.53,-4.34842E-09,-4.3019E-10,0,-0.05,0.3,-4.34842E-10,-4.3019E-11,5.38925E-08,5.38925E-09
-0.54,-4.90607E-09,-4.7868E-10,0,-0.05,0.3,-4.90607E-10,-4.7868E-11,5.73479999999999E-08,5.73479999999999E-09
-0.55,-5.49538E-09,-3.7992E-10,0,-0.05,0.3,-5.49538E-10,-3.7992E-11,6.02935E-08,6.02934999999999E-09
-0.56,-6.11194E-09,-4.17E-10,0,-0.05,0.3,-6.11194E-10,-4.17E-11,6.32454999999999E-08,6.32454999999999E-09
-0.57,-6.76029E-09,-3.7482E-10,0,-0.05,0.3,-6.76029E-10,-3.7482E-11,6.5868E-08,6.58679999999999E-09
-0.58,-7.4293E-09,-3.3384E-10,0,-0.05,0.3,-7.4293E-10,-3.3384E-11,6.79564999999999E-08,6.79564999999999E-09
-0.59,-8.11942E-09,-4.0099E-10,0,-0.05,0.3,-8.11942E-10,-4.0099E-11,7.01385000000003E-08,7.01385000000003E-09
-0.6,-8.83207E-09,-4.3921E-10,0,-0.05,0.3,-8.83207E-10,-4.3921E-11,7.20225000000003E-08,7.20225000000003E-09
-0.61,-9.55987E-09,-3.9203E-10,0,-0.05,0.3,-9.55987E-10,-3.9203E-11,7.53814999999999E-08,7.53814999999998E-09
-0.62,-1.03397E-08,-3.8667E-10,0,-0.05,0.3,-1.03397E-09,-3.8667E-11,7.64664999999999E-08,7.64664999999999E-09
-0.63,-1.10892E-08,-3.4241E-10,0,-0.05,0.3,-1.10892E-09,-3.4241E-11,7.64599999999999E-08,7.64599999999999E-09
-0.64,-1.18689E-08,-3.4053E-10,0,-0.05,0.3,-1.18689E-09,-3.4053E-11,7.8055E-08,7.80549999999999E-09
-0.65,-1.26503E-08,-3.7901E-10,0,-0.05,0.3,-1.26503E-09,-3.7901E-11,7.8935E-08,7.89349999999999E-09
-0.66,-1.34476E-08,-4.1846E-10,0,-0.05,0.3,-1.34476E-09,-4.1846E-11,7.99599999999999E-08,7.99599999999999E-09
-0.67,-1.42495E-08,-3.9277E-10,0,-0.05,0.3,-1.42495E-09,-3.9277E-11,8.07649999999999E-08,8.0765E-09
-0.68,-1.50629E-08,-3.2884E-10,0,-0.05,0.3,-1.50629E-09,-3.2884E-11,8.19199999999999E-08,8.19199999999999E-09
-0.69,-1.58879E-08,-3.4256E-10,0,-0.05,0.3,-1.58879E-09,-3.4256E-11,8.20599999999999E-08,8.20599999999997E-09
-0.7,-1.67041E-08,-3.646E-10,0,-0.05,0.3,-1.67041E-09,-3.646E-11,8.27549999999999E-08,8.27549999999999E-09
-0.71,-1.7543E-08,-3.1425E-10,0,-0.05,0.3,-1.7543E-09,-3.1425E-11,8.3705E-08,8.37050000000001E-09
-0.72,-1.83782E-08,-3.5751E-10,0,-0.05,0.3,-1.83782E-09,-3.5751E-11,8.41100000000005E-08,8.41100000000004E-09
-0.73,-1.92252E-08,-3.649E-10,0,-0.05,0.3,-1.92252E-09,-3.649E-11,8.45350000000003E-08,8.45350000000003E-09
-0.74,-2.00689E-08,-3.4635E-10,0,-0.05,0.3,-2.00689E-09,-3.4635E-11,8.47799999999999E-08,8.47799999999999E-09
-0.75,-2.09208E-08,-3.6747E-10,0,-0.05,0.3,-2.09208E-09,-3.6747E-11,8.4975E-08,8.4975E-09
-0.76,-2.17684E-08,-4.4379E-10,0,-0.05,0.3,-2.17684E-09,-4.4379E-11,8.5155E-08,8.51549999999997E-09
-0.77,-2.26239E-08,-4.1061E-10,0,-0.05,0.3,-2.26239E-09,-4.1061E-11,8.54449999999999E-08,8.54449999999999E-09
-0.78,-2.34773E-08,-4.2332E-10,0,-0.05,0.3,-2.34773E-09,-4.2332E-11,8.62649999999998E-08,8.62649999999999E-09
-0.79,-2.43492E-08,-4.1863E-10,0,-0.05,0.3,-2.43492E-09,-4.1863E-11,8.62349999999998E-08,8.62349999999997E-09
-0.8,-2.5202E-08,-4.7362E-10,0,-0.05,0.3,-2.5202E-09,-4.7362E-11,8.552E-08,8.55200000000001E-09
-0.81,-2.60596E-08,-3.6816E-10,0,-0.05,0.3,-2.60596E-09,-3.6816E-11,8.6645E-08,8.66449999999999E-09
-0.82,-2.69349E-08,-3.4312E-10,0,-0.05,0.3,-2.69349E-09,-3.4312E-11,8.72899999999999E-08,8.72899999999999E-09
-0.83,-2.78054E-08,-3.456E-10,0,-0.05,0.3,-2.78054E-09,-3.456E-11,8.715E-08,8.715E-09
-0.84,-2.86779E-08,-3.6135E-10,0,-0.05,0.3,-2.86779E-09,-3.6135E-11,8.74199999999999E-08,8.74199999999998E-09
-0.85,-2.95538E-08,-3.5267E-10,0,-0.05,0.3,-2.95538E-09,-3.5267E-11,8.71150000000002E-08,8.71150000000003E-09
-0.86,-3.04202E-08,-3.2223E-10,0,-0.05,0.3,-3.04202E-09,-3.2223E-11,8.66950000000005E-08,8.66950000000004E-09
-0.87,-3.12877E-08,-3.8007E-10,0,-0.05,0.3,-3.12877E-09,-3.8007E-11,8.71750000000002E-08,8.71750000000001E-09
-0.88,-3.21637E-08,-2.9277E-10,0,-0.05,0.3,-3.21637E-09,-2.9277E-11,8.74849999999997E-08,8.74849999999999E-09
-0.89,-3.30374E-08,-4.0414E-10,0,-0.05,0.3,-3.30374E-09,-4.0414E-11,8.81349999999998E-08,8.81349999999998E-09
-0.9,-3.39264E-08,-4.3843E-10,0,-0.05,0.3,-3.39264E-09,-4.3843E-11,8.79099999999999E-08,8.79099999999999E-09
-0.91,-3.47956E-08,-4.3091E-10,0,-0.05,0.3,-3.47956E-09,-4.3091E-11,8.65549999999997E-08,8.65549999999997E-09
-0.92,-3.56575E-08,-3.8048E-10,0,-0.05,0.3,-3.56575E-09,-3.8048E-11,8.75549999999999E-08,8.75549999999998E-09
-0.93,-3.65467E-08,-4.4237E-10,0,-0.05,0.3,-3.65467E-09,-4.4237E-11,8.84300000000002E-08,8.84300000000004E-09
-0.94,-3.74261E-08,-3.9986E-10,0,-0.05,0.3,-3.74261E-09,-3.9986E-11,8.80550000000001E-08,8.8055E-09
-0.95,-3.83078E-08,-3.395E-10,0,-0.05,0.3,-3.83078E-09,-3.395E-11,8.78699999999997E-08,8.78699999999995E-09
-0.96,-3.91835E-08,-4.1077E-10,0,-0.05,0.3,-3.91835E-09,-4.1077E-11,8.831E-08,8.831E-09
-0.97,-4.0074E-08,-3.3387E-10,0,-0.05,0.3,-4.0074E-09,-3.3387E-11,8.73899999999999E-08,8.73899999999996E-09
-0.98,-4.09313E-08,-3.8283E-10,0,-0.05,0.3,-4.09313E-09,-3.8283E-11,8.72449999999997E-08,8.72449999999997E-09
-0.99,-4.18189E-08,-3.8309E-10,0,-0.05,0.3,-4.18189E-09,-3.8309E-11,8.83050000000006E-08,8.8305000000001E-09
-1,-4.26974E-08,-4.3097E-10,0,-0.05,0.3,-4.26974E-09,-4.3097E-11,8.79200000000006E-08,8.79200000000003E-09
-1.01,-4.35773E-08,-3.882E-10,0,-0.05,0.3,-4.35773E-09,-3.882E-11,8.82E-08,8.81999999999997E-09
-1.02,-4.44614E-08,-4.2604E-10,0,-0.05,0.3,-4.44614E-09,-4.2604E-11,8.80699999999999E-08,8.80700000000004E-09
-1.03,-4.53387E-08,-3.3457E-10,0,-0.05,0.3,-4.53387E-09,-3.3457E-11,8.78999999999997E-08,8.79E-09
-1.04,-4.62194E-08,-3.9843E-10,0,-0.05,0.3,-4.62194E-09,-3.9843E-11,8.70449999999998E-08,8.70449999999996E-09
-1.05,-4.70796E-08,-4.2256E-10,0,-0.05,0.3,-4.70796E-09,-4.2256E-11,8.73150000000001E-08,8.7315E-09
-1.06,-4.79657E-08,-3.3675E-10,0,-0.05,0.3,-4.79657E-09,-3.3675E-11,8.69799999999999E-08,8.698E-09
-1.07,-4.88192E-08,-2.9409E-10,0,-0.05,0.3,-4.88192E-09,-2.9409E-11,8.60499999999999E-08,8.605E-09
-1.08,-4.96867E-08,-4.4896E-10,0,-0.05,0.3,-4.96867E-09,-4.4896E-11,8.70650000000002E-08,8.70650000000002E-09
-1.09,-5.05605E-08,-4.1758E-10,0,-0.05,0.3,-5.05605E-09,-4.1758E-11,8.68049999999997E-08,8.68049999999996E-09
-1.1,-5.14228E-08,-4.3042E-10,0,-0.05,0.3,-5.14228E-09,-4.3042E-11,8.61849999999999E-08,8.61849999999997E-09
-1.11,-5.22842E-08,-3.9621E-10,0,-0.05,0.3,-5.22842E-09,-3.9621E-11,8.678E-08,8.67799999999999E-09
-1.12,-5.31584E-08,-3.7088E-10,0,-0.05,0.3,-5.31584E-09,-3.7088E-11,8.59199999999998E-08,8.592E-09
-1.13,-5.40026E-08,-3.7467E-10,0,-0.05,0.3,-5.40026E-09,-3.7467E-11,8.59750000000001E-08,8.59750000000001E-09
-1.14,-5.48779E-08,-3.6223E-10,0,-0.05,0.3,-5.48779E-09,-3.6223E-11,8.6915E-08,8.69149999999999E-09
-1.15,-5.57409E-08,-4.2182E-10,0,-0.05,0.3,-5.57409E-09,-4.2182E-11,8.56049999999996E-08,8.56049999999996E-09
-1.16,-5.659E-08,-4.311E-10,0,-0.05,0.3,-5.659E-09,-4.311E-11,8.52649999999998E-08,8.52649999999996E-09
-1.17,-5.74462E-08,-3.6462E-10,0,-0.05,0.3,-5.74462E-09,-3.6462E-11,8.57249999999998E-08,8.57249999999994E-09
-1.18,-5.83045E-08,-4.2934E-10,0,-0.05,0.3,-5.83045E-09,-4.2934E-11,8.54150000000009E-08,8.54150000000012E-09
-1.19,-5.91545E-08,-4.046E-10,0,-0.05,0.3,-5.91545E-09,-4.046E-11,8.48750000000012E-08,8.48750000000011E-09
-1.2,-6.0002E-08,-4.2716E-10,0,-0.05,0.3,-6.0002E-09,-4.2716E-11,8.52899999999998E-08,8.52899999999997E-09
-1.21,-6.08603E-08,-4.5453E-10,0,-0.05,0.3,-6.08603E-09,-4.5453E-11,8.60299999999998E-08,8.60299999999999E-09
-1.22,-6.17226E-08,-4.1245E-10,0,-0.05,0.3,-6.17226E-09,-4.1245E-11,8.39149999999999E-08,8.39149999999998E-09
-1.23,-6.25386E-08,-3.9993E-10,0,-0.05,0.3,-6.25386E-09,-3.9993E-11,8.26100000000002E-08,8.26100000000003E-09
-1.24,-6.33748E-08,-3.2333E-10,0,-0.05,0.3,-6.33748E-09,-3.2333E-11,8.31999999999996E-08,8.31999999999994E-09
-1.25,-6.42026E-08,-4.2553E-10,0,-0.05,0.3,-6.42026E-09,-4.2553E-11,8.37499999999996E-08,8.37499999999998E-09
-1.26,-6.50498E-08,-4.2789E-10,0,-0.05,0.3,-6.50498E-09,-4.2789E-11,8.4455E-08,8.44550000000003E-09
-1.27,-6.58917E-08,-3.7796E-10,0,-0.05,0.3,-6.58917E-09,-3.7796E-11,8.213E-08,8.21299999999999E-09
-1.28,-6.66924E-08,-3.1305E-10,0,-0.05,0.3,-6.66924E-09,-3.1305E-11,8.18150000000002E-08,8.1815E-09
-1.29,-6.7528E-08,-4.0865E-10,0,-0.05,0.3,-6.7528E-09,-4.0865E-11,8.46799999999996E-08,8.46799999999997E-09
-1.3,-6.8386E-08,-4.2207E-10,0,-0.05,0.3,-6.8386E-09,-4.2207E-11,8.30399999999996E-08,8.30399999999997E-09
-1.31,-6.91888E-08,-5.2511E-10,0,-0.05,0.3,-6.91888E-09,-5.2511E-11,8.14100000000001E-08,8.141E-09
-1.32,-7.00142E-08,-3.6417E-10,0,-0.05,0.3,-7.00142E-09,-3.6417E-11,8.21649999999999E-08,8.21649999999995E-09
-1.33,-7.08321E-08,-4.0873E-10,0,-0.05,0.3,-7.08321E-09,-4.0873E-11,8.07000000000001E-08,8.06999999999999E-09
-1.34,-7.16282E-08,-4.097E-10,0,-0.05,0.3,-7.16282E-09,-4.097E-11,8.08400000000004E-08,8.08400000000011E-09
-1.35,-7.24489E-08,-4.0251E-10,0,-0.05,0.3,-7.24489E-09,-4.0251E-11,8.00150000000001E-08,8.00150000000003E-09
-1.36,-7.32285E-08,-4.3104E-10,0,-0.05,0.3,-7.32285E-09,-4.3104E-11,8.07399999999996E-08,8.07399999999994E-09
-1.37,-7.40637E-08,-4.0511E-10,0,-0.05,0.3,-7.40637E-09,-4.0511E-11,8.09699999999995E-08,8.09699999999995E-09
-1.38,-7.48479E-08,-3.8728E-10,0,-0.05,0.3,-7.48479E-09,-3.8728E-11,7.93450000000003E-08,7.93450000000006E-09
-1.39,-7.56506E-08,-4.6582E-10,0,-0.05,0.3,-7.56506E-09,-4.6582E-11,8.05400000000001E-08,8.05400000000006E-09
-1.4,-7.64587E-08,-4.575E-10,0,-0.05,0.3,-7.64587E-09,-4.575E-11,7.90149999999997E-08,7.90149999999992E-09
-1.41,-7.72309E-08,-2.8195E-10,0,-0.05,0.3,-7.72309E-09,-2.8195E-11,7.86349999999996E-08,7.86349999999996E-09
-1.42,-7.80314E-08,-2.7525E-10,0,-0.05,0.3,-7.80314E-09,-2.7525E-11,7.759E-08,7.75900000000007E-09
-1.43,-7.87827E-08,-4.1861E-10,0,-0.05,0.3,-7.87827E-09,-4.1861E-11,7.7015E-08,7.70149999999994E-09
-1.44,-7.95717E-08,-3.9022E-10,0,-0.05,0.3,-7.95717E-09,-3.9022E-11,7.79950000000001E-08,7.79949999999999E-09
-1.45,-8.03426E-08,-3.5068E-10,0,-0.05,0.3,-8.03426E-09,-3.5068E-11,7.90400000000012E-08,7.90400000000014E-09
-1.46,-8.11525E-08,-3.4681E-10,0,-0.05,0.3,-8.11525E-09,-3.4681E-11,7.80250000000006E-08,7.80250000000004E-09
-1.47,-8.19031E-08,-4.8634E-10,0,-0.05,0.3,-8.19031E-09,-4.8634E-11,7.67949999999994E-08,7.67949999999996E-09
-1.48,-8.26884E-08,-3.3021E-10,0,-0.05,0.3,-8.26884E-09,-3.3021E-11,7.63249999999998E-08,7.63249999999995E-09
-1.49,-8.34296E-08,-5.0316E-10,0,-0.05,0.3,-8.34296E-09,-5.0316E-11,7.46350000000004E-08,7.46350000000001E-09
-1.5,-8.41811E-08,-4.1095E-10,0,-0.05,0.3,-8.41811E-09,-4.1095E-11,7.64449999999997E-08,7.64449999999997E-09
-1.51,-8.49585E-08,-4.3914E-10,0,-0.05,0.3,-8.49585E-09,-4.3914E-11,7.694E-08,7.69400000000003E-09
-1.52,-8.57199E-08,-2.8634E-10,0,-0.05,0.3,-8.57199E-09,-2.8634E-11,7.50299999999999E-08,7.50300000000002E-09
-1.53,-8.64591E-08,-3.9802E-10,0,-0.05,0.3,-8.64591E-09,-3.9802E-11,7.42649999999996E-08,7.42649999999996E-09
-1.54,-8.72052E-08,-4.4108E-10,0,-0.05,0.3,-8.72052E-09,-4.4108E-11,7.45800000000001E-08,7.45799999999999E-09
-1.55,-8.79507E-08,-5.4093E-10,0,-0.05,0.3,-8.79507E-09,-5.4093E-11,7.45200000000001E-08,7.45199999999998E-09
-1.56,-8.86956E-08,-4.1627E-10,0,-0.05,0.3,-8.86956E-09,-4.1627E-11,7.38799999999999E-08,7.38800000000001E-09
-1.57,-8.94283E-08,-4.4526E-10,0,-0.05,0.3,-8.94283E-09,-4.4526E-11,7.25649999999996E-08,7.25650000000003E-09
-1.58,-9.01469E-08,-5.15E-10,0,-0.05,0.3,-9.01469E-09,-5.15E-11,7.31400000000003E-08,7.314E-09
-1.59,-9.08911E-08,-3.8901E-10,0,-0.05,0.3,-9.08911E-09,-3.8901E-11,7.448E-08,7.44799999999995E-09
-1.6,-9.16365E-08,-3.6836E-10,0,-0.05,0.3,-9.16365E-09,-3.6836E-11,7.28999999999999E-08,7.29000000000004E-09
-1.61,-9.23491E-08,-5.2215E-10,0,-0.05,0.3,-9.23491E-09,-5.2215E-11,7.0945E-08,7.09449999999992E-09
-1.62,-9.30554E-08,-4.2067E-10,0,-0.05,0.3,-9.30554E-09,-4.2067E-11,7.14399999999997E-08,7.14399999999998E-09
-1.63,-9.37779E-08,-4.4588E-10,0,-0.05,0.3,-9.37779E-09,-4.4588E-11,7.27700000000001E-08,7.27700000000011E-09
-1.64,-9.45108E-08,-4.4475E-10,0,-0.05,0.3,-9.45108E-09,-4.4475E-11,7.05749999999999E-08,7.05749999999996E-09
-1.65,-9.51894E-08,-4.1091E-10,0,-0.05,0.3,-9.51894E-09,-4.1091E-11,7.21200000000001E-08,7.21199999999999E-09
-1.66,-9.59532E-08,-3.6065E-10,0,-0.05,0.3,-9.59532E-09,-3.6065E-11,7.2645E-08,7.26449999999993E-09
-1.67,-9.66423E-08,-4.3615E-10,0,-0.05,0.3,-9.66423E-09,-4.3615E-11,6.83949999999998E-08,6.83949999999995E-09
-1.68,-9.73211E-08,-4.211E-10,0,-0.05,0.3,-9.73211E-09,-4.211E-11,6.99749999999999E-08,6.99750000000002E-09
-1.69,-9.80418E-08,-4.543E-10,0,-0.05,0.3,-9.80418E-09,-4.543E-11,7.032E-08,7.03200000000002E-09
-1.7,-9.87275E-08,-3.591E-10,0,-0.05,0.3,-9.87275E-09,-3.591E-11,6.81999999999998E-08,6.81999999999994E-09
-1.71,-9.94058E-08,-4.371E-10,0,-0.05,0.3,-9.94058E-09,-4.371E-11,6.74850000000003E-08,6.74850000000005E-09
-1.72,-1.000772E-07,-4.2194E-10,0,-0.05,0.3,-1.000772E-08,-4.2194E-11,6.9235000000001E-08,6.92350000000017E-09
-1.73,-1.007905E-07,-4.2755E-10,0,-0.05,0.3,-1.007905E-08,-4.2755E-11,6.99200000000002E-08,6.992E-09
-1.74,-1.014756E-07,-4.8415E-10,0,-0.05,0.3,-1.014756E-08,-4.8415E-11,6.835E-08,6.835E-09
-1.75,-1.021575E-07,-4.3851E-10,0,-0.05,0.3,-1.021575E-08,-4.3851E-11,6.906E-08,6.90599999999997E-09
-1.76,-1.028568E-07,-4.3055E-10,0,-0.05,0.3,-1.028568E-08,-4.3055E-11,6.85149999999997E-08,6.85149999999989E-09
-1.77,-1.035278E-07,-4.7886E-10,0,-0.05,0.3,-1.035278E-08,-4.7886E-11,6.61549999999998E-08,6.61550000000001E-09
-1.78,-1.041799E-07,-4.2549E-10,0,-0.05,0.3,-1.041799E-08,-4.2549E-11,6.60099999999999E-08,6.60100000000002E-09
-1.79,-1.04848E-07,-4.6301E-10,0,-0.05,0.3,-1.04848E-08,-4.6301E-11,6.57200000000001E-08,6.57200000000004E-09
-1.8,-1.054943E-07,-4.3528E-10,0,-0.05,0.3,-1.054943E-08,-4.3528E-11,6.46300000000007E-08,6.4630000000002E-09
0,-1.06E-12,1.951E-10,0,-0.05,0.4,-1.06E-13,1.951E-11,7.7E-11,7.7E-12
-0.01,-1.83E-12,1.6988E-10,0,-0.05,0.4,-1.83E-13,1.6988E-11,-4.99999999999998E-13,-4.99999999999998E-14
-0.02,-1.05E-12,1.1111E-10,0,-0.05,0.4,-1.05E-13,1.1111E-11,-4E-12,-3.99999999999999E-13
-0.03,-1.75E-12,9.041E-11,0,-0.05,0.4,-1.75E-13,9.041E-12,-9.99999999999996E-13,-9.99999999999996E-14
-0.04,-1.03E-12,7.772E-11,0,-0.05,0.4,-1.03E-13,7.772E-12,-1.1E-11,-1.1E-12
-0.05,-1.53E-12,4.352E-11,0,-0.05,0.4,-1.53E-13,4.352E-12,-1.8E-11,-1.8E-12
-0.06,-6.7E-13,3.155E-11,0,-0.05,0.4,-6.7E-14,3.155E-12,2E-12,2E-13
-0.07,-1.57E-12,1.587E-11,0,-0.05,0.4,-1.57E-13,1.587E-12,5E-12,5E-13
-0.08,-7.7E-13,4.484E-11,0,-0.05,0.4,-7.7E-14,4.484E-12,1.1E-11,1.1E-12
-0.09,-1.79E-12,1.585E-11,0,-0.05,0.4,-1.79E-13,1.585E-12,-1.15E-11,-1.15E-12
-0.1,-5.4E-13,-1.438E-11,0,-0.05,0.4,-5.4E-14,-1.438E-12,-2.4E-11,-2.4E-12
-0.11,-1.31E-12,-8.527E-11,0,-0.05,0.4,-1.31E-13,-8.527E-12,1.35E-11,1.35E-12
-0.12,-8.1E-13,-7.926E-11,0,-0.05,0.4,-8.1E-14,-7.926E-12,3.49999999999999E-12,3.5E-13
-0.13,-1.38E-12,-6.773E-11,0,-0.05,0.4,-1.38E-13,-6.773E-12,-2E-12,-2E-13
-0.14,-7.7E-13,-8.461E-11,0,-0.05,0.4,-7.7E-14,-8.461E-12,3.15E-11,3.15E-12
-0.15,-2.01E-12,-8.239E-11,0,-0.05,0.4,-2.01E-13,-8.239E-12,-1.5E-11,-1.5E-12
-0.16,-4.7E-13,-1.1275E-10,0,-0.05,0.4,-4.7E-14,-1.1275E-11,-1.85E-11,-1.85E-12
-0.17,-1.64E-12,-1.2804E-10,0,-0.05,0.4,-1.64E-13,-1.2804E-11,1.75E-11,1.75E-12
-0.18,-8.2E-13,-1.2803E-10,0,-0.05,0.4,-8.2E-14,-1.2803E-11,3.5E-12,3.5E-13
-0.19,-1.71E-12,-3.759E-11,0,-0.05,0.4,-1.71E-13,-3.759E-12,4E-12,4E-13
-0.2,-9E-13,-1.0947E-10,0,-0.05,0.4,-9E-14,-1.0947E-11,1.65E-11,1.65E-12
-0.21,-2.04E-12,-9.987E-11,0,-0.05,0.4,-2.04E-13,-9.987E-12,2.5E-11,2.5E-12
-0.22,-1.4E-12,-1.7525E-10,0,-0.05,0.4,-1.4E-13,-1.7525E-11,3.6E-11,3.6E-12
-0.23,-2.76E-12,-1.2518E-10,0,-0.05,0.4,-2.76E-13,-1.2518E-11,2.15E-11,2.15E-12
-0.24,-1.83E-12,-1.1844E-10,0,-0.05,0.4,-1.83E-13,-1.1844E-11,5.35E-11,5.35E-12
-0.25,-3.83E-12,-7.485E-11,0,-0.05,0.4,-3.83E-13,-7.485E-12,7.6E-11,7.6E-12
-0.26,-3.35E-12,-9.448E-11,0,-0.05,0.4,-3.35E-13,-9.448E-12,7.5E-11,7.49999999999999E-12
-0.27,-5.33E-12,-1.1118E-10,0,-0.05,0.4,-5.33E-13,-1.1118E-11,1.165E-10,1.165E-11
-0.28,-5.68E-12,-6.053E-11,0,-0.05,0.4,-5.68E-13,-6.053E-12,1.5E-10,1.5E-11
-0.29,-8.33E-12,-1.4921E-10,0,-0.05,0.4,-8.33E-13,-1.4921E-11,2.415E-10,2.415E-11
-0.3,-1.051E-11,-6.301E-11,0,-0.05,0.4,-1.051E-12,-6.301E-12,3.36500000000001E-10,3.36500000000001E-11
-0.31,-1.506E-11,-1.9204E-10,0,-0.05,0.4,-1.506E-12,-1.9204E-11,4.43E-10,4.43E-11
-0.32,-1.937E-11,-1.192E-10,0,-0.05,0.4,-1.937E-12,-1.192E-11,6.16499999999999E-10,6.16499999999999E-11
-0.33,-2.739E-11,-1.1369E-10,0,-0.05,0.4,-2.739E-12,-1.1369E-11,8.30999999999999E-10,8.30999999999999E-11
-0.34,-3.599E-11,-1.9319E-10,0,-0.05,0.4,-3.599E-12,-1.9319E-11,1.128E-09,1.128E-10
-0.35,-4.995E-11,-1.4634E-10,0,-0.05,0.4,-4.995E-12,-1.4634E-11,1.524E-09,1.524E-10
-0.36,-6.647E-11,-2.0138E-10,0,-0.05,0.4,-6.647E-12,-2.0138E-11,2.042E-09,2.042E-10
-0.37,-9.079E-11,-1.7073E-10,0,-0.05,0.4,-9.079E-12,-1.7073E-11,2.77600000000001E-09,2.776E-10
-0.38,-1.2199E-10,-1.4735E-10,0,-0.05,0.4,-1.2199E-11,-1.4735E-11,3.651E-09,3.651E-10
-0.39,-1.6381E-10,-1.7997E-10,0,-0.05,0.4,-1.6381E-11,-1.7997E-11,4.776E-09,4.776E-10
-0.4,-2.1751E-10,-1.4129E-10,0,-0.05,0.4,-2.1751E-11,-1.4129E-11,5.94999999999999E-09,5.94999999999999E-10
-0.41,-2.8281E-10,-2.2427E-10,0,-0.05,0.4,-2.8281E-11,-2.2427E-11,7.82949999999999E-09,7.82949999999999E-10
-0.42,-3.741E-10,-1.3327E-10,0,-0.05,0.4,-3.741E-11,-1.3327E-11,9.74900000000002E-09,9.74900000000001E-10
-0.43,-4.7779E-10,-1.4564E-10,0,-0.05,0.4,-4.7779E-11,-1.4564E-11,1.21875E-08,1.21875E-09
-0.44,-6.1785E-10,-1.8808E-10,0,-0.05,0.4,-6.1785E-11,-1.8808E-11,1.47025E-08,1.47025E-09
-0.45,-7.7184E-10,-2.7338E-10,0,-0.05,0.4,-7.7184E-11,-2.7338E-11,1.7753E-08,1.7753E-09
-0.46,-9.7291E-10,-2.0656E-10,0,-0.05,0.4,-9.7291E-11,-2.0656E-11,2.08195E-08,2.08195E-09
-0.47,-1.18823E-09,-1.4653E-10,0,-0.05,0.4,-1.18823E-10,-1.4653E-11,2.4394E-08,2.4394E-09
-0.48,-1.46079E-09,-1.1117E-10,0,-0.05,0.4,-1.46079E-10,-1.1117E-11,2.77305E-08,2.77305E-09
-0.49,-1.74284E-09,-2.431E-10,0,-0.05,0.4,-1.74284E-10,-2.431E-11,3.14115E-08,3.14115E-09
-0.5,-2.08902E-09,-1.6228E-10,0,-0.05,0.4,-2.08902E-10,-1.6228E-11,3.52725000000001E-08,3.52725000000001E-09
-0.51,-2.44829E-09,-2.5761E-10,0,-0.05,0.4,-2.44829E-10,-2.5761E-11,3.866E-08,3.866E-09
-0.52,-2.86222E-09,-2.2314E-10,0,-0.05,0.4,-2.86222E-10,-2.2314E-11,4.26855E-08,4.26854999999999E-09
-0.53,-3.302E-09,-2.0056E-10,0,-0.05,0.4,-3.302E-10,-2.0056E-11,4.62689999999999E-08,4.62689999999999E-09
-0.54,-3.7876E-09,-1.638E-10,0,-0.05,0.4,-3.7876E-10,-1.638E-11,5.00835E-08,5.00835E-09
-0.55,-4.30367E-09,-1.7278E-10,0,-0.05,0.4,-4.30367E-10,-1.7278E-11,5.32425E-08,5.32425E-09
-0.56,-4.85245E-09,-2.3173E-10,0,-0.05,0.4,-4.85245E-10,-2.3173E-11,5.64515E-08,5.64514999999999E-09
-0.57,-5.4327E-09,-2.3391E-10,0,-0.05,0.4,-5.4327E-10,-2.3391E-11,5.94839999999999E-08,5.9484E-09
-0.58,-6.04213E-09,-2.4586E-10,0,-0.05,0.4,-6.04213E-10,-2.4586E-11,6.15534999999999E-08,6.15534999999999E-09
-0.59,-6.66377E-09,-2.796E-10,0,-0.05,0.4,-6.66377E-10,-2.796E-11,6.43305000000003E-08,6.43305000000003E-09
-0.6,-7.32874E-09,-2.3218E-10,0,-0.05,0.4,-7.32874E-10,-2.3218E-11,6.68845000000003E-08,6.68845000000003E-09
-0.61,-8.00146E-09,-2.6311E-10,0,-0.05,0.4,-8.00146E-10,-2.6311E-11,6.90519999999999E-08,6.90519999999999E-09
-0.62,-8.70978E-09,-2.9157E-10,0,-0.05,0.4,-8.70978E-10,-2.9157E-11,7.10745E-08,7.10744999999999E-09
-0.63,-9.42295E-09,-1.9299E-10,0,-0.05,0.4,-9.42295E-10,-1.9299E-11,7.23325E-08,7.23324999999998E-09
-0.64,-1.015643E-08,-2.7951E-10,0,-0.05,0.4,-1.015643E-09,-2.7951E-11,7.52674999999999E-08,7.52674999999999E-09
-0.65,-1.09283E-08,-2.5402E-10,0,-0.05,0.4,-1.09283E-09,-2.5402E-11,7.70734999999999E-08,7.70734999999999E-09
-0.66,-1.16979E-08,-2.5869E-10,0,-0.05,0.4,-1.16979E-09,-2.5869E-11,7.70849999999999E-08,7.7085E-09
-0.67,-1.247E-08,-2.8504E-10,0,-0.05,0.4,-1.247E-09,-2.8504E-11,7.78849999999999E-08,7.78849999999999E-09
-0.68,-1.32556E-08,-2.1635E-10,0,-0.05,0.4,-1.32556E-09,-2.1635E-11,7.87799999999999E-08,7.87799999999999E-09
-0.69,-1.40456E-08,-2.8399E-10,0,-0.05,0.4,-1.40456E-09,-2.8399E-11,7.9575E-08,7.95749999999999E-09
-0.7,-1.48471E-08,-2.0344E-10,0,-0.05,0.4,-1.48471E-09,-2.0344E-11,8.08649999999999E-08,8.08649999999998E-09
-0.71,-1.56629E-08,-2.1129E-10,0,-0.05,0.4,-1.56629E-09,-2.1129E-11,8.15099999999999E-08,8.15099999999999E-09
-0.72,-1.64773E-08,-2.7252E-10,0,-0.05,0.4,-1.64773E-09,-2.7252E-11,8.14600000000005E-08,8.14600000000004E-09
-0.73,-1.72921E-08,-3.0892E-10,0,-0.05,0.4,-1.72921E-09,-3.0892E-11,8.20950000000004E-08,8.20950000000004E-09
-0.74,-1.81192E-08,-3.0266E-10,0,-0.05,0.4,-1.81192E-09,-3.0266E-11,8.29099999999998E-08,8.29099999999998E-09
-0.75,-1.89503E-08,-2.9549E-10,0,-0.05,0.4,-1.89503E-09,-2.9549E-11,8.29849999999999E-08,8.29849999999999E-09
-0.76,-1.97789E-08,-2.4709E-10,0,-0.05,0.4,-1.97789E-09,-2.4709E-11,8.3785E-08,8.3785E-09
-0.77,-2.0626E-08,-2.6134E-10,0,-0.05,0.4,-2.0626E-09,-2.6134E-11,8.39749999999999E-08,8.39749999999997E-09
-0.78,-2.14584E-08,-2.3111E-10,0,-0.05,0.4,-2.14584E-09,-2.3111E-11,8.36299999999999E-08,8.363E-09
-0.79,-2.22986E-08,-2.7508E-10,0,-0.05,0.4,-2.22986E-09,-2.7508E-11,8.44749999999999E-08,8.44750000000001E-09
-0.8,-2.31479E-08,-1.8798E-10,0,-0.05,0.4,-2.31479E-09,-1.8798E-11,8.49049999999998E-08,8.49049999999998E-09
-0.81,-2.39967E-08,-2.4461E-10,0,-0.05,0.4,-2.39967E-09,-2.4461E-11,8.51599999999999E-08,8.51599999999999E-09
-0.82,-2.48511E-08,-2.591E-10,0,-0.05,0.4,-2.48511E-09,-2.591E-11,8.541E-08,8.54099999999999E-09
-0.83,-2.57049E-08,-2.8063E-10,0,-0.05,0.4,-2.57049E-09,-2.8063E-11,8.45999999999999E-08,8.45999999999998E-09
-0.84,-2.65431E-08,-2.4856E-10,0,-0.05,0.4,-2.65431E-09,-2.4856E-11,8.49899999999998E-08,8.49899999999999E-09
-0.85,-2.74047E-08,-2.89E-10,0,-0.05,0.4,-2.74047E-09,-2.89E-11,8.61750000000003E-08,8.61750000000005E-09
-0.86,-2.82666E-08,-3.3908E-10,0,-0.05,0.4,-2.82666E-09,-3.3908E-11,8.63400000000005E-08,8.63400000000005E-09
-0.87,-2.91315E-08,-2.753E-10,0,-0.05,0.4,-2.91315E-09,-2.753E-11,8.62149999999999E-08,8.62149999999999E-09
-0.88,-2.99909E-08,-2.7575E-10,0,-0.05,0.4,-2.99909E-09,-2.7575E-11,8.59649999999999E-08,8.59649999999998E-09
-0.89,-3.08508E-08,-2.9564E-10,0,-0.05,0.4,-3.08508E-09,-2.9564E-11,8.5715E-08,8.57149999999998E-09
-0.9,-3.17052E-08,-2.1612E-10,0,-0.05,0.4,-3.17052E-09,-2.1612E-11,8.65699999999999E-08,8.657E-09
-0.91,-3.25822E-08,-2.4229E-10,0,-0.05,0.4,-3.25822E-09,-2.4229E-11,8.659E-08,8.65899999999999E-09
-0.92,-3.3437E-08,-2.7338E-10,0,-0.05,0.4,-3.3437E-09,-2.7338E-11,8.62799999999998E-08,8.62799999999997E-09
-0.93,-3.43078E-08,-3.0044E-10,0,-0.05,0.4,-3.43078E-09,-3.0044E-11,8.67899999999999E-08,8.679E-09
-0.94,-3.51728E-08,-2.9397E-10,0,-0.05,0.4,-3.51728E-09,-2.9397E-11,8.63300000000001E-08,8.633E-09
-0.95,-3.60344E-08,-2.6225E-10,0,-0.05,0.4,-3.60344E-09,-2.6225E-11,8.58599999999999E-08,8.58599999999999E-09
-0.96,-3.689E-08,-2.7916E-10,0,-0.05,0.4,-3.689E-09,-2.7916E-11,8.65849999999997E-08,8.6585E-09
-0.97,-3.77661E-08,-2.7071E-10,0,-0.05,0.4,-3.77661E-09,-2.7071E-11,8.6775E-08,8.6775E-09
-0.98,-3.86255E-08,-2.5566E-10,0,-0.05,0.4,-3.86255E-09,-2.5566E-11,8.66600000000001E-08,8.66599999999997E-09
-0.99,-3.94993E-08,-2.9553E-10,0,-0.05,0.4,-3.94993E-09,-2.9553E-11,8.65250000000002E-08,8.65250000000006E-09
-1,-4.0356E-08,-3.0811E-10,0,-0.05,0.4,-4.0356E-09,-3.0811E-11,8.56950000000004E-08,8.56950000000007E-09
-1.01,-4.12132E-08,-3.1385E-10,0,-0.05,0.4,-4.12132E-09,-3.1385E-11,8.66249999999999E-08,8.66249999999997E-09
-1.02,-4.20885E-08,-1.9389E-10,0,-0.05,0.4,-4.20885E-09,-1.9389E-11,8.61549999999999E-08,8.6155E-09
-1.03,-4.29363E-08,-2.5003E-10,0,-0.05,0.4,-4.29363E-09,-2.5003E-11,8.61950000000001E-08,8.61949999999999E-09
-1.04,-4.38124E-08,-2.4563E-10,0,-0.05,0.4,-4.38124E-09,-2.4563E-11,8.67749999999997E-08,8.67749999999995E-09
-1.05,-4.46718E-08,-2.4993E-10,0,-0.05,0.4,-4.46718E-09,-2.4993E-11,8.68699999999999E-08,8.68699999999996E-09
-1.06,-4.55498E-08,-2.9095E-10,0,-0.05,0.4,-4.55498E-09,-2.9095E-11,8.61150000000001E-08,8.61150000000001E-09
-1.07,-4.63941E-08,-2.2354E-10,0,-0.05,0.4,-4.63941E-09,-2.2354E-11,8.48199999999999E-08,8.482E-09
-1.08,-4.72462E-08,-3.3184E-10,0,-0.05,0.4,-4.72462E-09,-3.3184E-11,8.54449999999999E-08,8.54449999999995E-09
-1.09,-4.8103E-08,-3.2907E-10,0,-0.05,0.4,-4.8103E-09,-3.2907E-11,8.53449999999998E-08,8.53449999999999E-09
-1.1,-4.89531E-08,-3.5201E-10,0,-0.05,0.4,-4.89531E-09,-3.5201E-11,8.62799999999998E-08,8.62799999999997E-09
-1.11,-4.98286E-08,-3.2415E-10,0,-0.05,0.4,-4.98286E-09,-3.2415E-11,8.6645E-08,8.66449999999995E-09
-1.12,-5.0686E-08,-2.7368E-10,0,-0.05,0.4,-5.0686E-09,-2.7368E-11,8.5355E-08,8.53550000000002E-09
-1.13,-5.15357E-08,-2.9035E-10,0,-0.05,0.4,-5.15357E-09,-2.9035E-11,8.45799999999998E-08,8.45800000000001E-09
-1.14,-5.23776E-08,-2.326E-10,0,-0.05,0.4,-5.23776E-09,-2.326E-11,8.585E-08,8.585E-09
-1.15,-5.32527E-08,-2.2714E-10,0,-0.05,0.4,-5.32527E-09,-2.2714E-11,8.5715E-08,8.5715E-09
-1.16,-5.40919E-08,-3.032E-10,0,-0.05,0.4,-5.40919E-09,-3.032E-11,8.42049999999997E-08,8.4205E-09
-1.17,-5.49368E-08,-2.3548E-10,0,-0.05,0.4,-5.49368E-09,-2.3548E-11,8.42149999999999E-08,8.42150000000003E-09
-1.18,-5.57762E-08,-1.6078E-10,0,-0.05,0.4,-5.57762E-09,-1.6078E-11,8.43850000000008E-08,8.43850000000005E-09
-1.19,-5.66245E-08,-3.5526E-10,0,-0.05,0.4,-5.66245E-09,-3.5526E-11,8.49350000000008E-08,8.49350000000004E-09
-1.2,-5.74749E-08,-2.1065E-10,0,-0.05,0.4,-5.74749E-09,-2.1065E-11,8.4185E-08,8.41849999999999E-09
-1.21,-5.83082E-08,-2.5576E-10,0,-0.05,0.4,-5.83082E-09,-2.5576E-11,8.3385E-08,8.33850000000005E-09
-1.22,-5.91426E-08,-2.4016E-10,0,-0.05,0.4,-5.91426E-09,-2.4016E-11,8.24799999999997E-08,8.24799999999998E-09
-1.23,-5.99578E-08,-2.4536E-10,0,-0.05,0.4,-5.99578E-09,-2.4536E-11,8.29650000000002E-08,8.29649999999998E-09
-1.24,-6.08019E-08,-2.3639E-10,0,-0.05,0.4,-6.08019E-09,-2.3639E-11,8.44950000000002E-08,8.44950000000003E-09
-1.25,-6.16477E-08,-2.9398E-10,0,-0.05,0.4,-6.16477E-09,-2.9398E-11,8.29799999999996E-08,8.29799999999996E-09
-1.26,-6.24615E-08,-1.905E-10,0,-0.05,0.4,-6.24615E-09,-1.905E-11,8.2215E-08,8.22150000000002E-09
-1.27,-6.3292E-08,-2.5364E-10,0,-0.05,0.4,-6.3292E-09,-2.5364E-11,8.33399999999999E-08,8.33399999999998E-09
-1.28,-6.41283E-08,-3.0073E-10,0,-0.05,0.4,-6.41283E-09,-3.0073E-11,8.23150000000001E-08,8.23149999999998E-09
-1.29,-6.49383E-08,-2.6047E-10,0,-0.05,0.4,-6.49383E-09,-2.6047E-11,8.15999999999998E-08,8.16000000000001E-09
-1.3,-6.57603E-08,-3.4579E-10,0,-0.05,0.4,-6.57603E-09,-3.4579E-11,8.29649999999995E-08,8.29649999999993E-09
-1.31,-6.65976E-08,-2.6971E-10,0,-0.05,0.4,-6.65976E-09,-2.6971E-11,8.16900000000001E-08,8.16899999999999E-09
-1.32,-6.73941E-08,-2.4751E-10,0,-0.05,0.4,-6.73941E-09,-2.4751E-11,8.11099999999998E-08,8.11100000000003E-09
-1.33,-6.82198E-08,-2.9982E-10,0,-0.05,0.4,-6.82198E-09,-2.9982E-11,8.01299999999997E-08,8.01299999999997E-09
-1.34,-6.89967E-08,-2.7777E-10,0,-0.05,0.4,-6.89967E-09,-2.7777E-11,7.99650000000001E-08,7.99649999999997E-09
-1.35,-6.98191E-08,-3.6176E-10,0,-0.05,0.4,-6.98191E-09,-3.6176E-11,8.00800000000003E-08,8.00800000000008E-09
-1.36,-7.05983E-08,-3.0922E-10,0,-0.05,0.4,-7.05983E-09,-3.0922E-11,7.99650000000001E-08,7.99650000000005E-09
-1.37,-7.14184E-08,-2.4032E-10,0,-0.05,0.4,-7.14184E-09,-2.4032E-11,7.97649999999999E-08,7.97649999999996E-09
-1.38,-7.21936E-08,-3.7357E-10,0,-0.05,0.4,-7.21936E-09,-3.7357E-11,7.88099999999998E-08,7.88099999999996E-09
-1.39,-7.29946E-08,-2.7658E-10,0,-0.05,0.4,-7.29946E-09,-2.7658E-11,7.86199999999995E-08,7.86199999999994E-09
-1.4,-7.3766E-08,-2.2356E-10,0,-0.05,0.4,-7.3766E-09,-2.2356E-11,7.72150000000003E-08,7.72150000000007E-09
-1.41,-7.45389E-08,-1.6203E-10,0,-0.05,0.4,-7.45389E-09,-1.6203E-11,7.83050000000003E-08,7.83049999999999E-09
-1.42,-7.53321E-08,-4.0515E-10,0,-0.05,0.4,-7.53321E-09,-4.0515E-11,7.96299999999998E-08,7.96299999999992E-09
-1.43,-7.61315E-08,-3.558E-10,0,-0.05,0.4,-7.61315E-09,-3.558E-11,7.86149999999999E-08,7.86150000000007E-09
-1.44,-7.69044E-08,-2.6785E-10,0,-0.05,0.4,-7.69044E-09,-2.6785E-11,7.77E-08,7.77000000000002E-09
-1.45,-7.76855E-08,-3.355E-10,0,-0.05,0.4,-7.76855E-09,-3.355E-11,7.66350000000009E-08,7.66349999999999E-09
-1.46,-7.84371E-08,-3.0983E-10,0,-0.05,0.4,-7.84371E-09,-3.0983E-11,7.50300000000007E-08,7.50300000000011E-09
-1.47,-7.91861E-08,-2.9995E-10,0,-0.05,0.4,-7.91861E-09,-2.9995E-11,7.64650000000001E-08,7.64650000000002E-09
-1.48,-7.99664E-08,-2.5037E-10,0,-0.05,0.4,-7.99664E-09,-2.5037E-11,7.80749999999998E-08,7.8074999999999E-09
-1.49,-8.07476E-08,-3.4307E-10,0,-0.05,0.4,-8.07476E-09,-3.4307E-11,7.63599999999997E-08,7.63599999999999E-09
-1.5,-8.14936E-08,-2.9518E-10,0,-0.05,0.4,-8.14936E-09,-2.9518E-11,7.58099999999997E-08,7.58099999999999E-09
-1.51,-8.22638E-08,-3.0846E-10,0,-0.05,0.4,-8.22638E-09,-3.0846E-11,7.51099999999996E-08,7.51099999999993E-09
-1.52,-8.29958E-08,-2.7832E-10,0,-0.05,0.4,-8.29958E-09,-2.7832E-11,7.52499999999999E-08,7.52500000000001E-09
-1.53,-8.37688E-08,-3.0426E-10,0,-0.05,0.4,-8.37688E-09,-3.0426E-11,7.45399999999999E-08,7.45400000000004E-09
-1.54,-8.44866E-08,-3.0727E-10,0,-0.05,0.4,-8.44866E-09,-3.0727E-11,7.305E-08,7.30499999999994E-09
-1.55,-8.52298E-08,-3.3069E-10,0,-0.05,0.4,-8.52298E-09,-3.3069E-11,7.43000000000001E-08,7.43000000000008E-09
-1.56,-8.59726E-08,-2.7557E-10,0,-0.05,0.4,-8.59726E-09,-2.7557E-11,7.47300000000002E-08,7.47300000000006E-09
-1.57,-8.67244E-08,-2.593E-10,0,-0.05,0.4,-8.67244E-09,-2.593E-11,7.46550000000001E-08,7.4654999999999E-09
-1.58,-8.74657E-08,-2.8626E-10,0,-0.05,0.4,-8.74657E-09,-2.8626E-11,7.35549999999996E-08,7.35549999999999E-09
-1.59,-8.81955E-08,-2.9358E-10,0,-0.05,0.4,-8.81955E-09,-2.9358E-11,7.22199999999995E-08,7.22199999999995E-09
-1.6,-8.89101E-08,-3.3029E-10,0,-0.05,0.4,-8.89101E-09,-3.3029E-11,7.14350000000001E-08,7.14349999999999E-09
-1.61,-8.96242E-08,-2.6645E-10,0,-0.05,0.4,-8.96242E-09,-2.6645E-11,7.25150000000002E-08,7.25150000000009E-09
-1.62,-9.03604E-08,-3.2716E-10,0,-0.05,0.4,-9.03604E-09,-3.2716E-11,7.17849999999998E-08,7.17849999999998E-09
-1.63,-9.10599E-08,-3.0657E-10,0,-0.05,0.4,-9.10599E-09,-3.0657E-11,7.11449999999996E-08,7.11449999999993E-09
-1.64,-9.17833E-08,-3.9873E-10,0,-0.05,0.4,-9.17833E-09,-3.9873E-11,7.11749999999999E-08,7.11750000000006E-09
-1.65,-9.24834E-08,-3.4659E-10,0,-0.05,0.4,-9.24834E-09,-3.4659E-11,6.94850000000005E-08,6.94850000000003E-09
-1.66,-9.3173E-08,-3.8477E-10,0,-0.05,0.4,-9.3173E-09,-3.8477E-11,6.91350000000001E-08,6.91349999999996E-09
-1.67,-9.38661E-08,-3.3953E-10,0,-0.05,0.4,-9.38661E-09,-3.3953E-11,7.07499999999994E-08,7.07499999999999E-09
-1.68,-9.4588E-08,-2.7797E-10,0,-0.05,0.4,-9.4588E-09,-2.7797E-11,7.08449999999999E-08,7.08449999999996E-09
-1.69,-9.5283E-08,-3.015E-10,0,-0.05,0.4,-9.5283E-09,-3.015E-11,7.03700000000001E-08,7.03699999999996E-09
-1.7,-9.59954E-08,-3.1005E-10,0,-0.05,0.4,-9.59954E-09,-3.1005E-11,6.89849999999999E-08,6.89850000000006E-09
-1.71,-9.66627E-08,-3.3518E-10,0,-0.05,0.4,-9.66627E-09,-3.3518E-11,6.83500000000008E-08,6.83500000000008E-09
-1.72,-9.73624E-08,-2.9884E-10,0,-0.05,0.4,-9.73624E-09,-2.9884E-11,6.93350000000005E-08,6.93350000000005E-09
-1.73,-9.80494E-08,-2.742E-10,0,-0.05,0.4,-9.80494E-09,-2.742E-11,6.83150000000001E-08,6.83150000000004E-09
-1.74,-9.87287E-08,-2.4952E-10,0,-0.05,0.4,-9.87287E-09,-2.4952E-11,6.73850000000001E-08,6.73850000000001E-09
-1.75,-9.93971E-08,-2.8628E-10,0,-0.05,0.4,-9.93971E-09,-2.8628E-11,6.62999999999997E-08,6.62999999999992E-09
-1.76,-1.000547E-07,-2.6895E-10,0,-0.05,0.4,-1.000547E-08,-2.6895E-11,6.76699999999996E-08,6.767E-09
-1.77,-1.007505E-07,-3.2981E-10,0,-0.05,0.4,-1.007505E-08,-3.2981E-11,6.77050000000002E-08,6.77050000000004E-09
-1.78,-1.014088E-07,-3.6187E-10,0,-0.05,0.4,-1.014088E-08,-3.6187E-11,6.57850000000003E-08,6.57849999999996E-09
-1.79,-1.020662E-07,-3.4264E-10,0,-0.05,0.4,-1.020662E-08,-3.4264E-11,6.67499999999995E-08,6.67499999999995E-09
-1.8,-1.027438E-07,-3.3785E-10,0,-0.05,0.4,-1.027438E-08,-3.3785E-11,6.77599999999992E-08,6.77599999999989E-09
